--------------------------------------------------------
--  File created - œroda-grudnia-15-2021   
--------------------------------------------------------
DROP TYPE "LOGMNR$COL_GG_REC";
DROP TYPE "LOGMNR$COL_GG_RECS";
DROP TYPE "LOGMNR$GSBA_GG_REC";
DROP TYPE "LOGMNR$GSBA_GG_RECS";
DROP TYPE "LOGMNR$KEY_GG_REC";
DROP TYPE "LOGMNR$KEY_GG_RECS";
DROP TYPE "LOGMNR$SEQ_GG_REC";
DROP TYPE "LOGMNR$SEQ_GG_RECS";
DROP TYPE "LOGMNR$TAB_GG_REC";
DROP TYPE "LOGMNR$TAB_GG_RECS";
DROP TYPE "LOGMNR$USER_GG_REC";
DROP TYPE "LOGMNR$USER_GG_RECS";
DROP SEQUENCE "LOGMNR_DIDS$";
DROP SEQUENCE "LOGMNR_EVOLVE_SEQ$";
DROP SEQUENCE "LOGMNR_SEQ$";
DROP SEQUENCE "LOGMNR_UIDS$";
DROP SEQUENCE "MVIEW$_ADVSEQ_GENERIC";
DROP SEQUENCE "MVIEW$_ADVSEQ_ID";
DROP SEQUENCE "ROLLING_EVENT_SEQ$";
DROP TABLE "FILM" cascade constraints;
DROP TABLE "FILM_SEANS" cascade constraints;
DROP TABLE "FOTEL" cascade constraints;
DROP TABLE "KINO" cascade constraints;
DROP TABLE "KLIENT" cascade constraints;
DROP TABLE "KONTRAHENT" cascade constraints;
DROP TABLE "MAGAZYN" cascade constraints;
DROP TABLE "PRACOWNIK" cascade constraints;
DROP TABLE "PRZEDMIOT" cascade constraints;
DROP TABLE "PRZEDMIOT_MAGAZYN" cascade constraints;
DROP TABLE "PRZEDMIOT_PRZEDMIOT_TRANSAKCJA" cascade constraints;
DROP TABLE "PRZEDMIOT_TRANSAKCJA" cascade constraints;
DROP TABLE "REZERWACJA" cascade constraints;
DROP TABLE "REZERWACJA_FOTEL" cascade constraints;
DROP TABLE "REZERWACJA_TRANSAKCJA" cascade constraints;
DROP TABLE "SALA" cascade constraints;
DROP TABLE "SEANS" cascade constraints;
DROP TABLE "FILM" cascade constraints;
DROP TABLE "SEANS" cascade constraints;
DROP TABLE "SALA" cascade constraints;
DROP TABLE "KINO" cascade constraints;
DROP TABLE "MAGAZYN" cascade constraints;
DROP TABLE "PRZEDMIOT" cascade constraints;
DROP TABLE "PRZEDMIOT_TRANSAKCJA" cascade constraints;
DROP TABLE "KONTRAHENT" cascade constraints;
DROP TABLE "PRACOWNIK" cascade constraints;
DROP TABLE "KLIENT" cascade constraints;
DROP TABLE "FOTEL" cascade constraints;
DROP TABLE "REZERWACJA" cascade constraints;
DROP TABLE "MVIEW$_ADV_LOG" cascade constraints;
DROP TABLE "MVIEW$_ADV_OUTPUT" cascade constraints;
DROP TABLE "MVIEW$_ADV_EXCEPTIONS" cascade constraints;
DROP TABLE "MVIEW$_ADV_FILTER" cascade constraints;
DROP TABLE "MVIEW$_ADV_FILTERINSTANCE" cascade constraints;
DROP TABLE "MVIEW$_ADV_WORKLOAD" cascade constraints;
DROP TABLE "SQLPLUS_PRODUCT_PROFILE" cascade constraints;
DROP TABLE "FILM_SEANS" cascade constraints;
DROP TABLE "PRZEDMIOT_MAGAZYN" cascade constraints;
DROP TABLE "PRZEDMIOT_PRZEDMIOT_TRANSAKCJA" cascade constraints;
DROP TABLE "REZERWACJA_FOTEL" cascade constraints;
DROP TABLE "REZERWACJA_TRANSAKCJA" cascade constraints;
DROP VIEW "MVIEW_EVALUATIONS";
DROP VIEW "MVIEW_EXCEPTIONS";
DROP VIEW "MVIEW_FILTER";
DROP VIEW "MVIEW_FILTERINSTANCE";
DROP VIEW "MVIEW_LOG";
DROP VIEW "MVIEW_RECOMMENDATIONS";
DROP VIEW "MVIEW_WORKLOAD";
DROP VIEW "PRODUCT_PRIVS";
DROP VIEW "SCHEDULER_JOB_ARGS";
DROP VIEW "SCHEDULER_PROGRAM_ARGS";
DROP FUNCTION "LOGMNR$COL_GG_TABF_PUBLIC";
DROP FUNCTION "LOGMNR$GSBA_GG_TABF_PUBLIC";
DROP FUNCTION "LOGMNR$KEY_GG_TABF_PUBLIC";
DROP FUNCTION "LOGMNR$SEQ_GG_TABF_PUBLIC";
DROP FUNCTION "LOGMNR$TAB_GG_TABF_PUBLIC";
DROP FUNCTION "LOGMNR$USER_GG_TABF_PUBLIC";
DROP SYNONYM "ALL_USERS";
DROP SYNONYM "PLITBLM";
DROP SYNONYM "CATALOG";
DROP SYNONYM "COL";
DROP SYNONYM "PRODUCT_USER_PROFILE";
DROP SYNONYM "PUBLICSYN";
DROP SYNONYM "SYSCATALOG";
DROP SYNONYM "SYSFILES";
DROP SYNONYM "TAB";
DROP SYNONYM "TABQUOTAS";
--------------------------------------------------------
--  DDL for Type LOGMNR$COL_GG_REC
--------------------------------------------------------

  CREATE OR REPLACE NONEDITIONABLE TYPE "LOGMNR$COL_GG_REC" as object
(
LOGMNR_UID NUMBER,
OBJ# NUMBER,
MD_COL_NAME VARCHAR2(384),
MD_COL_NUM NUMBER,                 /* col# */
MD_COL_SEGCOL NUMBER,              /* segcol# */
MD_COL_TYPE NUMBER,                /* type# */
MD_COL_LEN NUMBER,
MD_COL_PREC NUMBER,                /* precision */
MD_COL_SCALE NUMBER,
MD_COL_CHARSETID NUMBER,           /* character set id */
MD_COL_CHARSETFORM NUMBER,         /* character set form */
MD_COL_ALT_TYPE VARCHAR2(4000),    /* adt type if any */
MD_COL_ALT_PREC NUMBER,            /* precision of the adt attribute */
MD_COL_ALT_CHAR_USED VARCHAR2(2),  /* charset used by the adt attribute */
MD_COL_ALT_LENGTH NUMBER,          /* length of the adt attribute */
MD_COL_ALT_XML_TYPE NUMBER,        /* 0/1. is xml_type column */
MD_COL_ALT_BINARYXML_TYPE NUMBER,  /* 0/1. is xml_type stored as binary */
MD_COL_ENC_ISENC VARCHAR2(3) ,     /* 'YES'/'NO' */
MD_COL_ENC_NOSALT VARCHAR2(3) ,    /* 'YES'/'NO' */
MD_COL_ENC_ISLOB VARCHAR2(3) ,     /* 'YES'/'NO' */
MD_COL_ALT_OBJECTXML_TYPE NUMBER,  /* 0/1 xml_type stored as object */
MD_COL_HASNOTNULLDEFAULT VARCHAR2(3) ,   /* 'YES'/'NO' */
MD_COL_ALT_TYPE_OWNER VARCHAR2(384),  /* owner of the adt type if any */
PROPERTY NUMBER,
XCOLTYPEFLAGS NUMBER,
XOPQTYPEFLAGS NUMBER,
EAFLAGS NUMBER,
XFQCOLNAME VARCHAR2(4000),
SPARE1  NUMBER,                    /* col_def.nullable, based on col$.null$ */
SPARE2  NUMBER,
SPARE3  NUMBER,
SPARE4  VARCHAR2(4000),
SPARE5  VARCHAR2(4000),
SPARE6  VARCHAR2(4000),
/* Following fields added in 12.1.0.2 */
OBJV# NUMBER,
INTCOL# NUMBER,
INTERVAL_LEADING_PRECISION NUMBER,
INTERVAL_TRAILING_PRECISION NUMBER,
TOID RAW(16),
TYPENAME VARCHAR2(384),
NUMINTCOLS NUMBER,
NUMATTRS NUMBER,
ADTORDER NUMBER,
LOGMNR_SPARE1 NUMBER,             /* col$.null$ */
LOGMNR_SPARE2 NUMBER,
LOGMNR_SPARE3 VARCHAR2(1000),
LOGMNR_SPARE4 DATE,
LOGMNR_SPARE5 NUMBER,
LOGMNR_SPARE6 NUMBER,
LOGMNR_SPARE7 NUMBER,
LOGMNR_SPARE8 NUMBER,
LOGMNR_SPARE9 NUMBER,
XTYPENAME VARCHAR2(4000),
XTOPINTCOL NUMBER,
XREFFEDTABLEOBJN NUMBER,
XREFFEDTABLEOBJV NUMBER,
XOPQTYPETYPE NUMBER,
XOPQLOBINTCOL NUMBER,
XOPQOBJINTCOL NUMBER,
XXMLINTCOL    NUMBER,
LOGMNRDERIVEDFLAGS NUMBER,
/* Following fields added in 12.2 */
COLLID      NUMBER,
COLLINTCOL#  NUMBER,
ACDRRESCOL# NUMBER
);

/
--------------------------------------------------------
--  DDL for Type LOGMNR$COL_GG_RECS
--------------------------------------------------------

  CREATE OR REPLACE NONEDITIONABLE TYPE "LOGMNR$COL_GG_RECS" AS TABLE OF  SYSTEM.LOGMNR$COL_GG_REC;

/
--------------------------------------------------------
--  DDL for Type LOGMNR$GSBA_GG_REC
--------------------------------------------------------

  CREATE OR REPLACE NONEDITIONABLE TYPE "LOGMNR$GSBA_GG_REC" AS OBJECT
(
LOGMNR_UID NUMBER,
NAME           VARCHAR2(384),
VALUE          VARCHAR2(4000),
LOGMNR_SPARE1  NUMBER,
LOGMNR_SPARE2  NUMBER,
LOGMNR_SPARE3  VARCHAR2(4000),
LOGMNR_SPARE4  DATE
);

/
--------------------------------------------------------
--  DDL for Type LOGMNR$GSBA_GG_RECS
--------------------------------------------------------

  CREATE OR REPLACE NONEDITIONABLE TYPE "LOGMNR$GSBA_GG_RECS" AS TABLE OF  SYSTEM.LOGMNR$GSBA_GG_REC;

/
--------------------------------------------------------
--  DDL for Type LOGMNR$KEY_GG_REC
--------------------------------------------------------

  CREATE OR REPLACE NONEDITIONABLE TYPE "LOGMNR$KEY_GG_REC" as object
(
LOGMNR_UID NUMBER,
KEY# NUMBER,                   /* index obj# or con# */
KEY_FLAGS NUMBER,              /* index or constraint */
KEY_NAME VARCHAR2(384),        /* index name or constraint name */
INDEX_OWNER# NUMBER,
INDEX_OWNERNAME VARCHAR2(384),
COLNAME VARCHAR2(384),
INTCOL# NUMBER,
which number,
KEY_ORDER VARCHAR2(10),              /* asc or desc */
KEYCOL_FLAGS NUMBER,           /* Column properties such as is_null */
SPARE1  NUMBER,
SPARE2  NUMBER,
SPARE3  NUMBER,
SPARE4  VARCHAR2(4000),
SPARE5  VARCHAR2(4000),
SPARE6  VARCHAR2(4000)
);

/
--------------------------------------------------------
--  DDL for Type LOGMNR$KEY_GG_RECS
--------------------------------------------------------

  CREATE OR REPLACE NONEDITIONABLE TYPE "LOGMNR$KEY_GG_RECS" AS TABLE OF  SYSTEM.LOGMNR$KEY_GG_REC;

/
--------------------------------------------------------
--  DDL for Type LOGMNR$SEQ_GG_REC
--------------------------------------------------------

  CREATE OR REPLACE NONEDITIONABLE TYPE "LOGMNR$SEQ_GG_REC" as object
(
LOGMNR_UID NUMBER,
OBJ# NUMBER,
NAME VARCHAR2(384),
OWNER# NUMBER,
OWNERNAME VARCHAR2(384),
FLAGS NUMBER,
MD_TAB_SEQCACHE NUMBER,
MD_TAB_SEQINCREMENTBY NUMBER,
SPARE1  NUMBER,
SPARE2  NUMBER,
SPARE3  NUMBER,
SPARE4  VARCHAR2(4000),
SPARE5  VARCHAR2(4000),
SPARE6  VARCHAR2(4000)
);

/
--------------------------------------------------------
--  DDL for Type LOGMNR$SEQ_GG_RECS
--------------------------------------------------------

  CREATE OR REPLACE NONEDITIONABLE TYPE "LOGMNR$SEQ_GG_RECS" AS TABLE OF  SYSTEM.LOGMNR$SEQ_GG_REC;

/
--------------------------------------------------------
--  DDL for Type LOGMNR$TAB_GG_REC
--------------------------------------------------------

  CREATE OR REPLACE NONEDITIONABLE TYPE "LOGMNR$TAB_GG_REC" as object
(
LOGMNR_UID NUMBER,
OBJ# NUMBER,
BASEOBJV# NUMBER,
MD_TAB_USERID NUMBER,                /* owner# */
MD_TAB_COLCOUNT NUMBER,              /* user column count */
MD_TAB_TOTAL_COL_NUM NUMBER,         /* kernal column count */
MD_TAB_LOG_GROUP_EXISTS NUMBER,      /* Any log group exists for this table */
MD_TAB_IOT VARCHAR2(3) ,             /* 'YES'/'NO' IS IOT? */
MD_TAB_IOT_OVERFLOW VARCHAR2(3) ,    /* 'YES'/'NO' IOT with overflow ? */
MD_TAB_PARTITION  VARCHAR2(3) ,      /* 'YES'/'NO' is partitioned ? */
MD_TAB_SUBPARTITION VARCHAR2(3) ,    /* 'YES'/'NO' is sub partitioned? */
MD_TAB_XMLTYPETABLE VARCHAR2(3) ,    /* 'YES'/'NO' is xmltype table? */
MD_TAB_OBJECTID NUMBER,              /* object id if table object */
MD_TAB_OWNER VARCHAR2(384),     /* owner name */
MD_TAB_NAME VARCHAR2(384),      /* table name */
MD_TAB_OBJTYPE VARCHAR2(384),   /* Object type name */
MD_TAB_SCN NUMBER,                   /* COMMIT_SCN of this table version */
TAB_FLAGS NUMBER,
TRIGFLAG NUMBER,
OBJ_FLAGS NUMBER,
PROPERTY NUMBER,
PARTTYPE NUMBER,
SUBPARTTYPE NUMBER,
SPARE1  NUMBER,
SPARE2  NUMBER,
SPARE3  NUMBER,
SPARE4  VARCHAR2(4000),
SPARE5  VARCHAR2(4000),
SPARE6  VARCHAR2(4000),
/* Following fields added in 12.1.0.2 */
LVLCNT NUMBER,
LVL1OBJ# NUMBER,
LVL2OBJ# NUMBER,
LVL1TYPE# NUMBER,
LVL2TYPE# NUMBER,
LVL1NAME  VARCHAR2(384),
LVL2NAME  VARCHAR2(384),
INTCOLS   NUMBER,
ASSOC#    NUMBER,
XIDUSN    NUMBER,
XIDSLT    NUMBER,
XIDSQN    NUMBER,
DROP_SCN  NUMBER,
FLAGS     NUMBER,
LOGMNR_SPARE1   NUMBER,
LOGMNR_SPARE2   NUMBER,
LOGMNR_SPARE3   VARCHAR2(1000),
LOGMNR_SPARE4   DATE,
LOGMNR_SPARE5   NUMBER,
LOGMNR_SPARE6   NUMBER,
LOGMNR_SPARE7   NUMBER,
LOGMNR_SPARE8   NUMBER,
LOGMNR_SPARE9   NUMBER,
UNSUPPORTEDCOLS  NUMBER,
COMPLEXTYPECOLS  NUMBER,
NTPARENTOBJNUM   NUMBER,
NTPARENTOBJVERSION NUMBER,
NTPARENTINTCOLNUM  NUMBER,
LOGMNRTLOFLAGS    NUMBER,
LOGMNRMCV VARCHAR2(30),
/* Following fields added in 12.2 */
ACDRFLAGS        NUMBER,                                    /* automatic CDR */
ACDRTSOBJ#       NUMBER,                                    /* automatic CDR */
ACDRROWTSINTCOL# NUMBER                                     /* automatic CDR */
);

/
--------------------------------------------------------
--  DDL for Type LOGMNR$TAB_GG_RECS
--------------------------------------------------------

  CREATE OR REPLACE NONEDITIONABLE TYPE "LOGMNR$TAB_GG_RECS" AS TABLE OF  SYSTEM.LOGMNR$TAB_GG_REC;

/
--------------------------------------------------------
--  DDL for Type LOGMNR$USER_GG_REC
--------------------------------------------------------

  CREATE OR REPLACE NONEDITIONABLE TYPE "LOGMNR$USER_GG_REC" AS OBJECT
(
LOGMNR_UID     NUMBER,
USERNAME       VARCHAR2(384),
USERID         NUMBER,
LOGMNR_SPARE1  NUMBER,
LOGMNR_SPARE2  NUMBER,
LOGMNR_SPARE3  VARCHAR2(4000),
LOGMNR_SPARE4  DATE
);

/
--------------------------------------------------------
--  DDL for Type LOGMNR$USER_GG_RECS
--------------------------------------------------------

  CREATE OR REPLACE NONEDITIONABLE TYPE "LOGMNR$USER_GG_RECS" AS TABLE OF  SYSTEM.LOGMNR$USER_GG_REC;

/
--------------------------------------------------------
--  DDL for Sequence LOGMNR_DIDS$
--------------------------------------------------------

   CREATE SEQUENCE  "LOGMNR_DIDS$"  MINVALUE 1 MAXVALUE 9999999999999999999999999999 INCREMENT BY 1 START WITH 1 NOCACHE  ORDER  NOCYCLE  NOKEEP  NOSCALE  GLOBAL ;
--------------------------------------------------------
--  DDL for Sequence LOGMNR_EVOLVE_SEQ$
--------------------------------------------------------

   CREATE SEQUENCE  "LOGMNR_EVOLVE_SEQ$"  MINVALUE 1 MAXVALUE 9999999999999999999999999999 INCREMENT BY 1 START WITH 1 NOCACHE  ORDER  NOCYCLE  NOKEEP  NOSCALE  GLOBAL ;
--------------------------------------------------------
--  DDL for Sequence LOGMNR_SEQ$
--------------------------------------------------------

   CREATE SEQUENCE  "LOGMNR_SEQ$"  MINVALUE 1 MAXVALUE 9999999999999999999999999999 INCREMENT BY 1 START WITH 1 NOCACHE  ORDER  NOCYCLE  NOKEEP  NOSCALE  GLOBAL ;
--------------------------------------------------------
--  DDL for Sequence LOGMNR_UIDS$
--------------------------------------------------------

   CREATE SEQUENCE  "LOGMNR_UIDS$"  MINVALUE 100 MAXVALUE 99999 INCREMENT BY 1 START WITH 100 NOCACHE  ORDER  CYCLE  NOKEEP  NOSCALE  GLOBAL ;
--------------------------------------------------------
--  DDL for Sequence MVIEW$_ADVSEQ_GENERIC
--------------------------------------------------------

   CREATE SEQUENCE  "MVIEW$_ADVSEQ_GENERIC"  MINVALUE 1 MAXVALUE 4294967295 INCREMENT BY 1 START WITH 1 CACHE 50 NOORDER  NOCYCLE  NOKEEP  NOSCALE  GLOBAL ;
--------------------------------------------------------
--  DDL for Sequence MVIEW$_ADVSEQ_ID
--------------------------------------------------------

   CREATE SEQUENCE  "MVIEW$_ADVSEQ_ID"  MINVALUE 1 MAXVALUE 4294967295 INCREMENT BY 1 START WITH 1 CACHE 20 NOORDER  NOCYCLE  NOKEEP  NOSCALE  GLOBAL ;
--------------------------------------------------------
--  DDL for Sequence ROLLING_EVENT_SEQ$
--------------------------------------------------------

   CREATE SEQUENCE  "ROLLING_EVENT_SEQ$"  MINVALUE 1 MAXVALUE 9999999999999999999999999999 INCREMENT BY 1 START WITH 1 NOCACHE  ORDER  NOCYCLE  NOKEEP  NOSCALE  GLOBAL ;
--------------------------------------------------------
--  DDL for Table FILM
--------------------------------------------------------

  CREATE TABLE "FILM" 
   (	"FILM_ID" NUMBER(*,0), 
	"OPIS" VARCHAR2(4000 CHAR), 
	"CZAS_TRWANIA" FLOAT(4), 
	"CZY_3D" CHAR(1 BYTE), 
	"CZY_NAPISY" CHAR(1 BYTE), 
	"CZY_DUBBING" CHAR(1 BYTE), 
	"CZY_ORIGINAL" CHAR(1 BYTE), 
	"WIEK" NUMBER(*,0), 
	"DATA_WYDANIA" DATE, 
	"TITLE" VARCHAR2(100 BYTE)
   ) PCTFREE 10 PCTUSED 40 INITRANS 1 MAXTRANS 255 
 NOCOMPRESS LOGGING
  STORAGE(INITIAL 65536 NEXT 1048576 MINEXTENTS 1 MAXEXTENTS 2147483645
  PCTINCREASE 0 FREELISTS 1 FREELIST GROUPS 1
  BUFFER_POOL DEFAULT FLASH_CACHE DEFAULT CELL_FLASH_CACHE DEFAULT)
  TABLESPACE "USERS" ;
--------------------------------------------------------
--  DDL for Table FILM_SEANS
--------------------------------------------------------

  CREATE TABLE "FILM_SEANS" 
   (	"FILM_ID" NUMBER(*,0), 
	"SEANS_ID" NUMBER(*,0)
   ) PCTFREE 10 PCTUSED 40 INITRANS 1 MAXTRANS 255 
 NOCOMPRESS LOGGING
  STORAGE(INITIAL 65536 NEXT 1048576 MINEXTENTS 1 MAXEXTENTS 2147483645
  PCTINCREASE 0 FREELISTS 1 FREELIST GROUPS 1
  BUFFER_POOL DEFAULT FLASH_CACHE DEFAULT CELL_FLASH_CACHE DEFAULT)
  TABLESPACE "USERS" ;
--------------------------------------------------------
--  DDL for Table FOTEL
--------------------------------------------------------

  CREATE TABLE "FOTEL" 
   (	"FOTEL_ID" NUMBER(*,0), 
	"RZAD" NUMBER(*,0), 
	"NUMER" NUMBER(*,0), 
	"SALA_ID" NUMBER(*,0)
   ) PCTFREE 10 PCTUSED 40 INITRANS 1 MAXTRANS 255 
 NOCOMPRESS LOGGING
  STORAGE(INITIAL 65536 NEXT 1048576 MINEXTENTS 1 MAXEXTENTS 2147483645
  PCTINCREASE 0 FREELISTS 1 FREELIST GROUPS 1
  BUFFER_POOL DEFAULT FLASH_CACHE DEFAULT CELL_FLASH_CACHE DEFAULT)
  TABLESPACE "USERS" ;
--------------------------------------------------------
--  DDL for Table KINO
--------------------------------------------------------

  CREATE TABLE "KINO" 
   (	"KINO_ID" NUMBER(*,0), 
	"OPIS" VARCHAR2(4000 CHAR), 
	"ADRES" VARCHAR2(100 BYTE), 
	"MIASTO" VARCHAR2(100 BYTE), 
	"NAME" VARCHAR2(100 BYTE)
   ) PCTFREE 10 PCTUSED 40 INITRANS 1 MAXTRANS 255 
 NOCOMPRESS LOGGING
  STORAGE(INITIAL 65536 NEXT 1048576 MINEXTENTS 1 MAXEXTENTS 2147483645
  PCTINCREASE 0 FREELISTS 1 FREELIST GROUPS 1
  BUFFER_POOL DEFAULT FLASH_CACHE DEFAULT CELL_FLASH_CACHE DEFAULT)
  TABLESPACE "USERS" ;
--------------------------------------------------------
--  DDL for Table KLIENT
--------------------------------------------------------

  CREATE TABLE "KLIENT" 
   (	"KLIENT_ID" NUMBER(*,0), 
	"IMIE" VARCHAR2(100 CHAR), 
	"NAZWISKO" VARCHAR2(100 CHAR), 
	"LOGIN" VARCHAR2(100 CHAR), 
	"EMAIL" VARCHAR2(100 CHAR), 
	"NR_TELEFONU" VARCHAR2(20 CHAR), 
	"HASLO" VARCHAR2(100 CHAR), 
	"ADRES" VARCHAR2(100 CHAR)
   ) PCTFREE 10 PCTUSED 40 INITRANS 1 MAXTRANS 255 
 NOCOMPRESS LOGGING
  STORAGE(INITIAL 65536 NEXT 1048576 MINEXTENTS 1 MAXEXTENTS 2147483645
  PCTINCREASE 0 FREELISTS 1 FREELIST GROUPS 1
  BUFFER_POOL DEFAULT FLASH_CACHE DEFAULT CELL_FLASH_CACHE DEFAULT)
  TABLESPACE "USERS" ;
--------------------------------------------------------
--  DDL for Table KONTRAHENT
--------------------------------------------------------

  CREATE TABLE "KONTRAHENT" 
   (	"KONTRAHENT_ID" NUMBER(*,0), 
	"NIP" VARCHAR2(13 CHAR), 
	"NAZWA_FIRMY" VARCHAR2(100 CHAR), 
	"MIASTO" VARCHAR2(100 CHAR), 
	"ADRES" VARCHAR2(100 CHAR)
   ) PCTFREE 10 PCTUSED 40 INITRANS 1 MAXTRANS 255 
 NOCOMPRESS LOGGING
  STORAGE(INITIAL 65536 NEXT 1048576 MINEXTENTS 1 MAXEXTENTS 2147483645
  PCTINCREASE 0 FREELISTS 1 FREELIST GROUPS 1
  BUFFER_POOL DEFAULT FLASH_CACHE DEFAULT CELL_FLASH_CACHE DEFAULT)
  TABLESPACE "USERS" ;
--------------------------------------------------------
--  DDL for Table MAGAZYN
--------------------------------------------------------

  CREATE TABLE "MAGAZYN" 
   (	"MAGAZYN_ID" NUMBER(*,0), 
	"OPIS" VARCHAR2(4000 CHAR), 
	"ADRES" VARCHAR2(100 CHAR), 
	"MIASTO" VARCHAR2(100 CHAR), 
	"KINO_ID" NUMBER(*,0)
   ) PCTFREE 10 PCTUSED 40 INITRANS 1 MAXTRANS 255 
 NOCOMPRESS LOGGING
  STORAGE(INITIAL 65536 NEXT 1048576 MINEXTENTS 1 MAXEXTENTS 2147483645
  PCTINCREASE 0 FREELISTS 1 FREELIST GROUPS 1
  BUFFER_POOL DEFAULT FLASH_CACHE DEFAULT CELL_FLASH_CACHE DEFAULT)
  TABLESPACE "USERS" ;
--------------------------------------------------------
--  DDL for Table PRACOWNIK
--------------------------------------------------------

  CREATE TABLE "PRACOWNIK" 
   (	"PRACOWNIK_ID" NUMBER(*,0), 
	"IMIE" VARCHAR2(100 CHAR), 
	"NAZWISKO" VARCHAR2(100 CHAR), 
	"LOGIN" VARCHAR2(100 CHAR), 
	"EMAIL" VARCHAR2(100 CHAR), 
	"NR_TELEFONU" VARCHAR2(100 CHAR), 
	"HASLO" VARCHAR2(100 CHAR), 
	"RODZAJ_UMOWY" VARCHAR2(100 CHAR), 
	"CZY_KIEROWNIK" CHAR(1 BYTE), 
	"KINO_ID" NUMBER(*,0)
   ) PCTFREE 10 PCTUSED 40 INITRANS 1 MAXTRANS 255 
 NOCOMPRESS LOGGING
  STORAGE(INITIAL 65536 NEXT 1048576 MINEXTENTS 1 MAXEXTENTS 2147483645
  PCTINCREASE 0 FREELISTS 1 FREELIST GROUPS 1
  BUFFER_POOL DEFAULT FLASH_CACHE DEFAULT CELL_FLASH_CACHE DEFAULT)
  TABLESPACE "USERS" ;
--------------------------------------------------------
--  DDL for Table PRZEDMIOT
--------------------------------------------------------

  CREATE TABLE "PRZEDMIOT" 
   (	"PRZEDMIOT_ID" NUMBER(*,0), 
	"RABAT" FLOAT(12), 
	"NAZWA" VARCHAR2(100 CHAR), 
	"KATEGORIA" VARCHAR2(100 CHAR), 
	"CENA" FLOAT(12), 
	"CZY_NA_WYNOS" CHAR(1 BYTE), 
	"PRODUCENT" VARCHAR2(100 CHAR), 
	"DATA_WAZNOSCI" DATE
   ) PCTFREE 10 PCTUSED 40 INITRANS 1 MAXTRANS 255 
 NOCOMPRESS LOGGING
  STORAGE(INITIAL 65536 NEXT 1048576 MINEXTENTS 1 MAXEXTENTS 2147483645
  PCTINCREASE 0 FREELISTS 1 FREELIST GROUPS 1
  BUFFER_POOL DEFAULT FLASH_CACHE DEFAULT CELL_FLASH_CACHE DEFAULT)
  TABLESPACE "USERS" ;
--------------------------------------------------------
--  DDL for Table PRZEDMIOT_MAGAZYN
--------------------------------------------------------

  CREATE TABLE "PRZEDMIOT_MAGAZYN" 
   (	"ILOSC" NUMBER(*,0), 
	"MAGAZYN_ID" NUMBER(*,0), 
	"PRZEDMIOT_ID" NUMBER(*,0)
   ) PCTFREE 10 PCTUSED 40 INITRANS 1 MAXTRANS 255 
 NOCOMPRESS LOGGING
  STORAGE(INITIAL 65536 NEXT 1048576 MINEXTENTS 1 MAXEXTENTS 2147483645
  PCTINCREASE 0 FREELISTS 1 FREELIST GROUPS 1
  BUFFER_POOL DEFAULT FLASH_CACHE DEFAULT CELL_FLASH_CACHE DEFAULT)
  TABLESPACE "USERS" ;
--------------------------------------------------------
--  DDL for Table PRZEDMIOT_PRZEDMIOT_TRANSAKCJA
--------------------------------------------------------

  CREATE TABLE "PRZEDMIOT_PRZEDMIOT_TRANSAKCJA" 
   (	"PRZEDMIOT_ID" NUMBER(*,0), 
	"PRZEDMIOT_TRANSAKCJA_ID" NUMBER(*,0)
   ) PCTFREE 10 PCTUSED 40 INITRANS 1 MAXTRANS 255 
 NOCOMPRESS LOGGING
  STORAGE(INITIAL 65536 NEXT 1048576 MINEXTENTS 1 MAXEXTENTS 2147483645
  PCTINCREASE 0 FREELISTS 1 FREELIST GROUPS 1
  BUFFER_POOL DEFAULT FLASH_CACHE DEFAULT CELL_FLASH_CACHE DEFAULT)
  TABLESPACE "USERS" ;
--------------------------------------------------------
--  DDL for Table PRZEDMIOT_TRANSAKCJA
--------------------------------------------------------

  CREATE TABLE "PRZEDMIOT_TRANSAKCJA" 
   (	"PRZEDMIOT_TRANSAKCJA_ID" NUMBER(*,0), 
	"CZY_KARTA" CHAR(1 BYTE), 
	"CZY_GOTOWKA" CHAR(1 BYTE), 
	"CENA" FLOAT(12), 
	"CZY_FAKTURA" CHAR(1 BYTE), 
	"KONTRAHENT_ID" NUMBER(*,0), 
	"PRACOWNIK_ID" NUMBER(*,0), 
	"MAGAZYN_ID" NUMBER(38,0)
   ) PCTFREE 10 PCTUSED 40 INITRANS 1 MAXTRANS 255 
 NOCOMPRESS LOGGING
  STORAGE(INITIAL 65536 NEXT 1048576 MINEXTENTS 1 MAXEXTENTS 2147483645
  PCTINCREASE 0 FREELISTS 1 FREELIST GROUPS 1
  BUFFER_POOL DEFAULT FLASH_CACHE DEFAULT CELL_FLASH_CACHE DEFAULT)
  TABLESPACE "USERS" ;
--------------------------------------------------------
--  DDL for Table REZERWACJA
--------------------------------------------------------

  CREATE TABLE "REZERWACJA" 
   (	"REZERWACJA_ID" NUMBER(*,0), 
	"NAZWA" VARCHAR2(100 CHAR), 
	"DATA_REZERWACJI" DATE, 
	"CZY_OPLACONA" CHAR(1 BYTE), 
	"SEANS_ID" NUMBER(*,0), 
	"KLIENT_ID" NUMBER(38,0)
   ) PCTFREE 10 PCTUSED 40 INITRANS 1 MAXTRANS 255 
 NOCOMPRESS LOGGING
  STORAGE(INITIAL 65536 NEXT 1048576 MINEXTENTS 1 MAXEXTENTS 2147483645
  PCTINCREASE 0 FREELISTS 1 FREELIST GROUPS 1
  BUFFER_POOL DEFAULT FLASH_CACHE DEFAULT CELL_FLASH_CACHE DEFAULT)
  TABLESPACE "USERS" ;
--------------------------------------------------------
--  DDL for Table REZERWACJA_FOTEL
--------------------------------------------------------

  CREATE TABLE "REZERWACJA_FOTEL" 
   (	"FOTEL_ID" NUMBER(*,0), 
	"REZERWACJA_ID" NUMBER(*,0)
   ) PCTFREE 10 PCTUSED 40 INITRANS 1 MAXTRANS 255 
 NOCOMPRESS LOGGING
  STORAGE(INITIAL 65536 NEXT 1048576 MINEXTENTS 1 MAXEXTENTS 2147483645
  PCTINCREASE 0 FREELISTS 1 FREELIST GROUPS 1
  BUFFER_POOL DEFAULT FLASH_CACHE DEFAULT CELL_FLASH_CACHE DEFAULT)
  TABLESPACE "USERS" ;
--------------------------------------------------------
--  DDL for Table REZERWACJA_TRANSAKCJA
--------------------------------------------------------

  CREATE TABLE "REZERWACJA_TRANSAKCJA" 
   (	"TRANSAKCJA_ID" NUMBER(*,0), 
	"CZY_KARTA" CHAR(1 BYTE), 
	"CZY_GOTOWKA" CHAR(1 BYTE), 
	"CENA" FLOAT(12), 
	"KLIENT_ID" NUMBER(*,0), 
	"PRACOWNIK_ID" NUMBER(*,0), 
	"REZERWACJA_ID" NUMBER(38,0)
   ) PCTFREE 10 PCTUSED 40 INITRANS 1 MAXTRANS 255 
 NOCOMPRESS LOGGING
  STORAGE(INITIAL 65536 NEXT 1048576 MINEXTENTS 1 MAXEXTENTS 2147483645
  PCTINCREASE 0 FREELISTS 1 FREELIST GROUPS 1
  BUFFER_POOL DEFAULT FLASH_CACHE DEFAULT CELL_FLASH_CACHE DEFAULT)
  TABLESPACE "USERS" ;
--------------------------------------------------------
--  DDL for Table SALA
--------------------------------------------------------

  CREATE TABLE "SALA" 
   (	"SALA_ID" NUMBER(*,0), 
	"LICZBA_MIEJSC" NUMBER(*,0), 
	"LICZBA_RZEDOW" NUMBER(*,0), 
	"MIEJSC_W_RZEDZIE" NUMBER(*,0), 
	"CZY_3D" CHAR(1 BYTE), 
	"KINO_KINO_ID" NUMBER(*,0), 
	"NAZWA" VARCHAR2(100 BYTE)
   ) PCTFREE 10 PCTUSED 40 INITRANS 1 MAXTRANS 255 
 NOCOMPRESS LOGGING
  STORAGE(INITIAL 65536 NEXT 1048576 MINEXTENTS 1 MAXEXTENTS 2147483645
  PCTINCREASE 0 FREELISTS 1 FREELIST GROUPS 1
  BUFFER_POOL DEFAULT FLASH_CACHE DEFAULT CELL_FLASH_CACHE DEFAULT)
  TABLESPACE "USERS" ;
--------------------------------------------------------
--  DDL for Table SEANS
--------------------------------------------------------

  CREATE TABLE "SEANS" 
   (	"SEANS_ID" NUMBER(*,0), 
	"GODZINA_ROZPOCZECIA" DATE, 
	"GODZINA_ZAKONCZENIA" DATE, 
	"SALA_ID" NUMBER(*,0), 
	"CENA" NUMBER(38,0)
   ) PCTFREE 10 PCTUSED 40 INITRANS 1 MAXTRANS 255 
 NOCOMPRESS LOGGING
  STORAGE(INITIAL 65536 NEXT 1048576 MINEXTENTS 1 MAXEXTENTS 2147483645
  PCTINCREASE 0 FREELISTS 1 FREELIST GROUPS 1
  BUFFER_POOL DEFAULT FLASH_CACHE DEFAULT CELL_FLASH_CACHE DEFAULT)
  TABLESPACE "USERS" ;
--------------------------------------------------------
--  DDL for Table FILM
--------------------------------------------------------

  CREATE TABLE "FILM" 
   (	"FILM_ID" NUMBER(*,0), 
	"OPIS" VARCHAR2(4000 CHAR), 
	"CZAS_TRWANIA" FLOAT(4), 
	"CZY_3D" CHAR(1 BYTE), 
	"CZY_NAPISY" CHAR(1 BYTE), 
	"CZY_DUBBING" CHAR(1 BYTE), 
	"CZY_ORIGINAL" CHAR(1 BYTE), 
	"WIEK" NUMBER(*,0), 
	"DATA_WYDANIA" DATE, 
	"TITLE" VARCHAR2(100 BYTE)
   ) PCTFREE 10 PCTUSED 40 INITRANS 1 MAXTRANS 255 
 NOCOMPRESS LOGGING
  STORAGE(INITIAL 65536 NEXT 1048576 MINEXTENTS 1 MAXEXTENTS 2147483645
  PCTINCREASE 0 FREELISTS 1 FREELIST GROUPS 1
  BUFFER_POOL DEFAULT FLASH_CACHE DEFAULT CELL_FLASH_CACHE DEFAULT)
  TABLESPACE "USERS" ;
--------------------------------------------------------
--  DDL for Table SEANS
--------------------------------------------------------

  CREATE TABLE "SEANS" 
   (	"SEANS_ID" NUMBER(*,0), 
	"GODZINA_ROZPOCZECIA" DATE, 
	"GODZINA_ZAKONCZENIA" DATE, 
	"SALA_ID" NUMBER(*,0), 
	"CENA" NUMBER(38,0)
   ) PCTFREE 10 PCTUSED 40 INITRANS 1 MAXTRANS 255 
 NOCOMPRESS LOGGING
  STORAGE(INITIAL 65536 NEXT 1048576 MINEXTENTS 1 MAXEXTENTS 2147483645
  PCTINCREASE 0 FREELISTS 1 FREELIST GROUPS 1
  BUFFER_POOL DEFAULT FLASH_CACHE DEFAULT CELL_FLASH_CACHE DEFAULT)
  TABLESPACE "USERS" ;
--------------------------------------------------------
--  DDL for Table SALA
--------------------------------------------------------

  CREATE TABLE "SALA" 
   (	"SALA_ID" NUMBER(*,0), 
	"LICZBA_MIEJSC" NUMBER(*,0), 
	"LICZBA_RZEDOW" NUMBER(*,0), 
	"MIEJSC_W_RZEDZIE" NUMBER(*,0), 
	"CZY_3D" CHAR(1 BYTE), 
	"KINO_KINO_ID" NUMBER(*,0), 
	"NAZWA" VARCHAR2(100 BYTE)
   ) PCTFREE 10 PCTUSED 40 INITRANS 1 MAXTRANS 255 
 NOCOMPRESS LOGGING
  STORAGE(INITIAL 65536 NEXT 1048576 MINEXTENTS 1 MAXEXTENTS 2147483645
  PCTINCREASE 0 FREELISTS 1 FREELIST GROUPS 1
  BUFFER_POOL DEFAULT FLASH_CACHE DEFAULT CELL_FLASH_CACHE DEFAULT)
  TABLESPACE "USERS" ;
--------------------------------------------------------
--  DDL for Table KINO
--------------------------------------------------------

  CREATE TABLE "KINO" 
   (	"KINO_ID" NUMBER(*,0), 
	"OPIS" VARCHAR2(4000 CHAR), 
	"ADRES" VARCHAR2(100 BYTE), 
	"MIASTO" VARCHAR2(100 BYTE), 
	"NAME" VARCHAR2(100 BYTE)
   ) PCTFREE 10 PCTUSED 40 INITRANS 1 MAXTRANS 255 
 NOCOMPRESS LOGGING
  STORAGE(INITIAL 65536 NEXT 1048576 MINEXTENTS 1 MAXEXTENTS 2147483645
  PCTINCREASE 0 FREELISTS 1 FREELIST GROUPS 1
  BUFFER_POOL DEFAULT FLASH_CACHE DEFAULT CELL_FLASH_CACHE DEFAULT)
  TABLESPACE "USERS" ;
--------------------------------------------------------
--  DDL for Table MAGAZYN
--------------------------------------------------------

  CREATE TABLE "MAGAZYN" 
   (	"MAGAZYN_ID" NUMBER(*,0), 
	"OPIS" VARCHAR2(4000 CHAR), 
	"ADRES" VARCHAR2(100 CHAR), 
	"MIASTO" VARCHAR2(100 CHAR), 
	"KINO_ID" NUMBER(*,0)
   ) PCTFREE 10 PCTUSED 40 INITRANS 1 MAXTRANS 255 
 NOCOMPRESS LOGGING
  STORAGE(INITIAL 65536 NEXT 1048576 MINEXTENTS 1 MAXEXTENTS 2147483645
  PCTINCREASE 0 FREELISTS 1 FREELIST GROUPS 1
  BUFFER_POOL DEFAULT FLASH_CACHE DEFAULT CELL_FLASH_CACHE DEFAULT)
  TABLESPACE "USERS" ;
--------------------------------------------------------
--  DDL for Table PRZEDMIOT
--------------------------------------------------------

  CREATE TABLE "PRZEDMIOT" 
   (	"PRZEDMIOT_ID" NUMBER(*,0), 
	"RABAT" FLOAT(12), 
	"NAZWA" VARCHAR2(100 CHAR), 
	"KATEGORIA" VARCHAR2(100 CHAR), 
	"CENA" FLOAT(12), 
	"CZY_NA_WYNOS" CHAR(1 BYTE), 
	"PRODUCENT" VARCHAR2(100 CHAR), 
	"DATA_WAZNOSCI" DATE
   ) PCTFREE 10 PCTUSED 40 INITRANS 1 MAXTRANS 255 
 NOCOMPRESS LOGGING
  STORAGE(INITIAL 65536 NEXT 1048576 MINEXTENTS 1 MAXEXTENTS 2147483645
  PCTINCREASE 0 FREELISTS 1 FREELIST GROUPS 1
  BUFFER_POOL DEFAULT FLASH_CACHE DEFAULT CELL_FLASH_CACHE DEFAULT)
  TABLESPACE "USERS" ;
--------------------------------------------------------
--  DDL for Table PRZEDMIOT_TRANSAKCJA
--------------------------------------------------------

  CREATE TABLE "PRZEDMIOT_TRANSAKCJA" 
   (	"PRZEDMIOT_TRANSAKCJA_ID" NUMBER(*,0), 
	"CZY_KARTA" CHAR(1 BYTE), 
	"CZY_GOTOWKA" CHAR(1 BYTE), 
	"CENA" FLOAT(12), 
	"CZY_FAKTURA" CHAR(1 BYTE), 
	"KONTRAHENT_ID" NUMBER(*,0), 
	"PRACOWNIK_ID" NUMBER(*,0), 
	"MAGAZYN_ID" NUMBER(38,0)
   ) PCTFREE 10 PCTUSED 40 INITRANS 1 MAXTRANS 255 
 NOCOMPRESS LOGGING
  STORAGE(INITIAL 65536 NEXT 1048576 MINEXTENTS 1 MAXEXTENTS 2147483645
  PCTINCREASE 0 FREELISTS 1 FREELIST GROUPS 1
  BUFFER_POOL DEFAULT FLASH_CACHE DEFAULT CELL_FLASH_CACHE DEFAULT)
  TABLESPACE "USERS" ;
--------------------------------------------------------
--  DDL for Table KONTRAHENT
--------------------------------------------------------

  CREATE TABLE "KONTRAHENT" 
   (	"KONTRAHENT_ID" NUMBER(*,0), 
	"NIP" VARCHAR2(13 CHAR), 
	"NAZWA_FIRMY" VARCHAR2(100 CHAR), 
	"MIASTO" VARCHAR2(100 CHAR), 
	"ADRES" VARCHAR2(100 CHAR)
   ) PCTFREE 10 PCTUSED 40 INITRANS 1 MAXTRANS 255 
 NOCOMPRESS LOGGING
  STORAGE(INITIAL 65536 NEXT 1048576 MINEXTENTS 1 MAXEXTENTS 2147483645
  PCTINCREASE 0 FREELISTS 1 FREELIST GROUPS 1
  BUFFER_POOL DEFAULT FLASH_CACHE DEFAULT CELL_FLASH_CACHE DEFAULT)
  TABLESPACE "USERS" ;
--------------------------------------------------------
--  DDL for Table PRACOWNIK
--------------------------------------------------------

  CREATE TABLE "PRACOWNIK" 
   (	"PRACOWNIK_ID" NUMBER(*,0), 
	"IMIE" VARCHAR2(100 CHAR), 
	"NAZWISKO" VARCHAR2(100 CHAR), 
	"LOGIN" VARCHAR2(100 CHAR), 
	"EMAIL" VARCHAR2(100 CHAR), 
	"NR_TELEFONU" VARCHAR2(100 CHAR), 
	"HASLO" VARCHAR2(100 CHAR), 
	"RODZAJ_UMOWY" VARCHAR2(100 CHAR), 
	"CZY_KIEROWNIK" CHAR(1 BYTE), 
	"KINO_ID" NUMBER(*,0)
   ) PCTFREE 10 PCTUSED 40 INITRANS 1 MAXTRANS 255 
 NOCOMPRESS LOGGING
  STORAGE(INITIAL 65536 NEXT 1048576 MINEXTENTS 1 MAXEXTENTS 2147483645
  PCTINCREASE 0 FREELISTS 1 FREELIST GROUPS 1
  BUFFER_POOL DEFAULT FLASH_CACHE DEFAULT CELL_FLASH_CACHE DEFAULT)
  TABLESPACE "USERS" ;
--------------------------------------------------------
--  DDL for Table KLIENT
--------------------------------------------------------

  CREATE TABLE "KLIENT" 
   (	"KLIENT_ID" NUMBER(*,0), 
	"IMIE" VARCHAR2(100 CHAR), 
	"NAZWISKO" VARCHAR2(100 CHAR), 
	"LOGIN" VARCHAR2(100 CHAR), 
	"EMAIL" VARCHAR2(100 CHAR), 
	"NR_TELEFONU" VARCHAR2(20 CHAR), 
	"HASLO" VARCHAR2(100 CHAR), 
	"ADRES" VARCHAR2(100 CHAR)
   ) PCTFREE 10 PCTUSED 40 INITRANS 1 MAXTRANS 255 
 NOCOMPRESS LOGGING
  STORAGE(INITIAL 65536 NEXT 1048576 MINEXTENTS 1 MAXEXTENTS 2147483645
  PCTINCREASE 0 FREELISTS 1 FREELIST GROUPS 1
  BUFFER_POOL DEFAULT FLASH_CACHE DEFAULT CELL_FLASH_CACHE DEFAULT)
  TABLESPACE "USERS" ;
--------------------------------------------------------
--  DDL for Table FOTEL
--------------------------------------------------------

  CREATE TABLE "FOTEL" 
   (	"FOTEL_ID" NUMBER(*,0), 
	"RZAD" NUMBER(*,0), 
	"NUMER" NUMBER(*,0), 
	"SALA_ID" NUMBER(*,0)
   ) PCTFREE 10 PCTUSED 40 INITRANS 1 MAXTRANS 255 
 NOCOMPRESS LOGGING
  STORAGE(INITIAL 65536 NEXT 1048576 MINEXTENTS 1 MAXEXTENTS 2147483645
  PCTINCREASE 0 FREELISTS 1 FREELIST GROUPS 1
  BUFFER_POOL DEFAULT FLASH_CACHE DEFAULT CELL_FLASH_CACHE DEFAULT)
  TABLESPACE "USERS" ;
--------------------------------------------------------
--  DDL for Table REZERWACJA
--------------------------------------------------------

  CREATE TABLE "REZERWACJA" 
   (	"REZERWACJA_ID" NUMBER(*,0), 
	"NAZWA" VARCHAR2(100 CHAR), 
	"DATA_REZERWACJI" DATE, 
	"CZY_OPLACONA" CHAR(1 BYTE), 
	"SEANS_ID" NUMBER(*,0), 
	"KLIENT_ID" NUMBER(38,0)
   ) PCTFREE 10 PCTUSED 40 INITRANS 1 MAXTRANS 255 
 NOCOMPRESS LOGGING
  STORAGE(INITIAL 65536 NEXT 1048576 MINEXTENTS 1 MAXEXTENTS 2147483645
  PCTINCREASE 0 FREELISTS 1 FREELIST GROUPS 1
  BUFFER_POOL DEFAULT FLASH_CACHE DEFAULT CELL_FLASH_CACHE DEFAULT)
  TABLESPACE "USERS" ;
--------------------------------------------------------
--  DDL for Table MVIEW$_ADV_LOG
--------------------------------------------------------

  CREATE TABLE "MVIEW$_ADV_LOG" SHARING=METADATA 
   (	"RUNID#" NUMBER, 
	"FILTERID#" NUMBER, 
	"RUN_BEGIN" DATE, 
	"RUN_END" DATE, 
	"RUN_TYPE" NUMBER, 
	"UNAME" VARCHAR2(128 BYTE), 
	"STATUS" NUMBER, 
	"MESSAGE" VARCHAR2(2000 BYTE), 
	"COMPLETED" NUMBER, 
	"TOTAL" NUMBER, 
	"ERROR_CODE" VARCHAR2(20 BYTE)
   ) PCTFREE 10 PCTUSED 40 INITRANS 1 MAXTRANS 255 
 NOCOMPRESS LOGGING
  STORAGE(INITIAL 65536 NEXT 1048576 MINEXTENTS 1 MAXEXTENTS 2147483645
  PCTINCREASE 0 FREELISTS 1 FREELIST GROUPS 1
  BUFFER_POOL DEFAULT FLASH_CACHE DEFAULT CELL_FLASH_CACHE DEFAULT)
  TABLESPACE "SYSTEM" ;

   COMMENT ON TABLE "MVIEW$_ADV_LOG"  IS 'Log all calls to summary advisory functions';
--------------------------------------------------------
--  DDL for Table MVIEW$_ADV_OUTPUT
--------------------------------------------------------

  CREATE TABLE "MVIEW$_ADV_OUTPUT" SHARING=METADATA 
   (	"RUNID#" NUMBER, 
	"OUTPUT_TYPE" NUMBER, 
	"RANK#" NUMBER, 
	"ACTION_TYPE" VARCHAR2(6 BYTE), 
	"SUMMARY_OWNER" VARCHAR2(128 BYTE), 
	"SUMMARY_NAME" VARCHAR2(128 BYTE), 
	"GROUP_BY_COLUMNS" VARCHAR2(2000 BYTE), 
	"WHERE_CLAUSE" VARCHAR2(2000 BYTE), 
	"FROM_CLAUSE" VARCHAR2(2000 BYTE), 
	"MEASURES_LIST" VARCHAR2(2000 BYTE), 
	"FACT_TABLES" VARCHAR2(1000 BYTE), 
	"GROUPING_LEVELS" VARCHAR2(2000 BYTE), 
	"QUERYLEN" NUMBER, 
	"QUERY_TEXT" LONG, 
	"STORAGE_IN_BYTES" NUMBER, 
	"PCT_PERFORMANCE_GAIN" NUMBER, 
	"FREQUENCY" NUMBER, 
	"CUMULATIVE_BENEFIT" NUMBER, 
	"BENEFIT_TO_COST_RATIO" NUMBER, 
	"VALIDATED" NUMBER
   ) PCTFREE 10 PCTUSED 40 INITRANS 1 MAXTRANS 255 
 NOCOMPRESS LOGGING
  STORAGE(INITIAL 65536 NEXT 1048576 MINEXTENTS 1 MAXEXTENTS 2147483645
  PCTINCREASE 0 FREELISTS 1 FREELIST GROUPS 1
  BUFFER_POOL DEFAULT FLASH_CACHE DEFAULT CELL_FLASH_CACHE DEFAULT)
  TABLESPACE "SYSTEM" ;

   COMMENT ON TABLE "MVIEW$_ADV_OUTPUT"  IS 'Output table for summary recommendations and evaluations';
--------------------------------------------------------
--  DDL for Table MVIEW$_ADV_EXCEPTIONS
--------------------------------------------------------

  CREATE TABLE "MVIEW$_ADV_EXCEPTIONS" SHARING=METADATA 
   (	"RUNID#" NUMBER, 
	"OWNER" VARCHAR2(128 BYTE), 
	"TABLE_NAME" VARCHAR2(128 BYTE), 
	"DIMENSION_NAME" VARCHAR2(128 BYTE), 
	"RELATIONSHIP" VARCHAR2(11 BYTE), 
	"BAD_ROWID" ROWID
   ) PCTFREE 10 PCTUSED 40 INITRANS 1 MAXTRANS 255 
 NOCOMPRESS LOGGING
  STORAGE(INITIAL 65536 NEXT 1048576 MINEXTENTS 1 MAXEXTENTS 2147483645
  PCTINCREASE 0 FREELISTS 1 FREELIST GROUPS 1
  BUFFER_POOL DEFAULT FLASH_CACHE DEFAULT CELL_FLASH_CACHE DEFAULT)
  TABLESPACE "SYSTEM" ;

   COMMENT ON TABLE "MVIEW$_ADV_EXCEPTIONS"  IS 'Output table for dimension validations';
--------------------------------------------------------
--  DDL for Table MVIEW$_ADV_FILTER
--------------------------------------------------------

  CREATE TABLE "MVIEW$_ADV_FILTER" SHARING=METADATA 
   (	"FILTERID#" NUMBER, 
	"SUBFILTERNUM#" NUMBER, 
	"SUBFILTERTYPE" NUMBER, 
	"STR_VALUE" VARCHAR2(1028 BYTE), 
	"NUM_VALUE1" NUMBER, 
	"NUM_VALUE2" NUMBER, 
	"DATE_VALUE1" DATE, 
	"DATE_VALUE2" DATE
   ) PCTFREE 10 PCTUSED 40 INITRANS 1 MAXTRANS 255 
 NOCOMPRESS LOGGING
  STORAGE(INITIAL 65536 NEXT 1048576 MINEXTENTS 1 MAXEXTENTS 2147483645
  PCTINCREASE 0 FREELISTS 1 FREELIST GROUPS 1
  BUFFER_POOL DEFAULT FLASH_CACHE DEFAULT CELL_FLASH_CACHE DEFAULT)
  TABLESPACE "SYSTEM" ;

   COMMENT ON TABLE "MVIEW$_ADV_FILTER"  IS 'Table for workload filter definition';
--------------------------------------------------------
--  DDL for Table MVIEW$_ADV_FILTERINSTANCE
--------------------------------------------------------

  CREATE TABLE "MVIEW$_ADV_FILTERINSTANCE" SHARING=METADATA 
   (	"RUNID#" NUMBER, 
	"FILTERID#" NUMBER, 
	"SUBFILTERNUM#" NUMBER, 
	"SUBFILTERTYPE" NUMBER, 
	"STR_VALUE" VARCHAR2(1028 BYTE), 
	"NUM_VALUE1" NUMBER, 
	"NUM_VALUE2" NUMBER, 
	"DATE_VALUE1" DATE, 
	"DATE_VALUE2" DATE
   ) PCTFREE 10 PCTUSED 40 INITRANS 1 MAXTRANS 255 
 NOCOMPRESS LOGGING
  STORAGE(INITIAL 65536 NEXT 1048576 MINEXTENTS 1 MAXEXTENTS 2147483645
  PCTINCREASE 0 FREELISTS 1 FREELIST GROUPS 1
  BUFFER_POOL DEFAULT FLASH_CACHE DEFAULT CELL_FLASH_CACHE DEFAULT)
  TABLESPACE "SYSTEM" ;

   COMMENT ON TABLE "MVIEW$_ADV_FILTERINSTANCE"  IS 'Table for workload filter instance definition';
--------------------------------------------------------
--  DDL for Table MVIEW$_ADV_WORKLOAD
--------------------------------------------------------

  CREATE TABLE "MVIEW$_ADV_WORKLOAD" SHARING=METADATA 
   (	"QUERYID#" NUMBER, 
	"COLLECTIONID#" NUMBER, 
	"COLLECTTIME" DATE, 
	"APPLICATION" VARCHAR2(128 BYTE), 
	"CARDINALITY" NUMBER, 
	"RESULTSIZE" NUMBER, 
	"UNAME" VARCHAR2(128 BYTE), 
	"QDATE" DATE, 
	"PRIORITY" NUMBER, 
	"EXEC_TIME" NUMBER, 
	"SQL_TEXT" LONG, 
	"SQL_TEXTLEN" NUMBER, 
	"SQL_HASH" NUMBER, 
	"SQL_ADDR" RAW(16), 
	"FREQUENCY" NUMBER
   ) PCTFREE 10 PCTUSED 40 INITRANS 1 MAXTRANS 255 
 NOCOMPRESS LOGGING
  STORAGE(INITIAL 65536 NEXT 1048576 MINEXTENTS 1 MAXEXTENTS 2147483645
  PCTINCREASE 0 FREELISTS 1 FREELIST GROUPS 1
  BUFFER_POOL DEFAULT FLASH_CACHE DEFAULT CELL_FLASH_CACHE DEFAULT)
  TABLESPACE "SYSTEM" ;

   COMMENT ON TABLE "MVIEW$_ADV_WORKLOAD"  IS 'Shared workload repository for DBA users of summary advisor';
--------------------------------------------------------
--  DDL for Table SQLPLUS_PRODUCT_PROFILE
--------------------------------------------------------

  CREATE TABLE "SQLPLUS_PRODUCT_PROFILE" SHARING=METADATA 
   (	"PRODUCT" VARCHAR2(30 BYTE), 
	"USERID" VARCHAR2(128 BYTE), 
	"ATTRIBUTE" VARCHAR2(240 BYTE), 
	"SCOPE" VARCHAR2(240 BYTE), 
	"NUMERIC_VALUE" NUMBER(15,2), 
	"CHAR_VALUE" VARCHAR2(240 BYTE), 
	"DATE_VALUE" DATE, 
	"LONG_VALUE" LONG
   ) PCTFREE 10 PCTUSED 40 INITRANS 1 MAXTRANS 255 
 NOCOMPRESS LOGGING
  STORAGE(INITIAL 65536 NEXT 1048576 MINEXTENTS 1 MAXEXTENTS 2147483645
  PCTINCREASE 0 FREELISTS 1 FREELIST GROUPS 1
  BUFFER_POOL DEFAULT FLASH_CACHE DEFAULT CELL_FLASH_CACHE DEFAULT)
  TABLESPACE "SYSTEM" ;
--------------------------------------------------------
--  DDL for Table FILM_SEANS
--------------------------------------------------------

  CREATE TABLE "FILM_SEANS" 
   (	"FILM_ID" NUMBER(*,0), 
	"SEANS_ID" NUMBER(*,0)
   ) PCTFREE 10 PCTUSED 40 INITRANS 1 MAXTRANS 255 
 NOCOMPRESS LOGGING
  STORAGE(INITIAL 65536 NEXT 1048576 MINEXTENTS 1 MAXEXTENTS 2147483645
  PCTINCREASE 0 FREELISTS 1 FREELIST GROUPS 1
  BUFFER_POOL DEFAULT FLASH_CACHE DEFAULT CELL_FLASH_CACHE DEFAULT)
  TABLESPACE "USERS" ;
--------------------------------------------------------
--  DDL for Table PRZEDMIOT_MAGAZYN
--------------------------------------------------------

  CREATE TABLE "PRZEDMIOT_MAGAZYN" 
   (	"ILOSC" NUMBER(*,0), 
	"MAGAZYN_ID" NUMBER(*,0), 
	"PRZEDMIOT_ID" NUMBER(*,0)
   ) PCTFREE 10 PCTUSED 40 INITRANS 1 MAXTRANS 255 
 NOCOMPRESS LOGGING
  STORAGE(INITIAL 65536 NEXT 1048576 MINEXTENTS 1 MAXEXTENTS 2147483645
  PCTINCREASE 0 FREELISTS 1 FREELIST GROUPS 1
  BUFFER_POOL DEFAULT FLASH_CACHE DEFAULT CELL_FLASH_CACHE DEFAULT)
  TABLESPACE "USERS" ;
--------------------------------------------------------
--  DDL for Table PRZEDMIOT_PRZEDMIOT_TRANSAKCJA
--------------------------------------------------------

  CREATE TABLE "PRZEDMIOT_PRZEDMIOT_TRANSAKCJA" 
   (	"PRZEDMIOT_ID" NUMBER(*,0), 
	"PRZEDMIOT_TRANSAKCJA_ID" NUMBER(*,0)
   ) PCTFREE 10 PCTUSED 40 INITRANS 1 MAXTRANS 255 
 NOCOMPRESS LOGGING
  STORAGE(INITIAL 65536 NEXT 1048576 MINEXTENTS 1 MAXEXTENTS 2147483645
  PCTINCREASE 0 FREELISTS 1 FREELIST GROUPS 1
  BUFFER_POOL DEFAULT FLASH_CACHE DEFAULT CELL_FLASH_CACHE DEFAULT)
  TABLESPACE "USERS" ;
--------------------------------------------------------
--  DDL for Table REZERWACJA_FOTEL
--------------------------------------------------------

  CREATE TABLE "REZERWACJA_FOTEL" 
   (	"FOTEL_ID" NUMBER(*,0), 
	"REZERWACJA_ID" NUMBER(*,0)
   ) PCTFREE 10 PCTUSED 40 INITRANS 1 MAXTRANS 255 
 NOCOMPRESS LOGGING
  STORAGE(INITIAL 65536 NEXT 1048576 MINEXTENTS 1 MAXEXTENTS 2147483645
  PCTINCREASE 0 FREELISTS 1 FREELIST GROUPS 1
  BUFFER_POOL DEFAULT FLASH_CACHE DEFAULT CELL_FLASH_CACHE DEFAULT)
  TABLESPACE "USERS" ;
--------------------------------------------------------
--  DDL for Table REZERWACJA_TRANSAKCJA
--------------------------------------------------------

  CREATE TABLE "REZERWACJA_TRANSAKCJA" 
   (	"TRANSAKCJA_ID" NUMBER(*,0), 
	"CZY_KARTA" CHAR(1 BYTE), 
	"CZY_GOTOWKA" CHAR(1 BYTE), 
	"CENA" FLOAT(12), 
	"KLIENT_ID" NUMBER(*,0), 
	"PRACOWNIK_ID" NUMBER(*,0), 
	"REZERWACJA_ID" NUMBER(38,0)
   ) PCTFREE 10 PCTUSED 40 INITRANS 1 MAXTRANS 255 
 NOCOMPRESS LOGGING
  STORAGE(INITIAL 65536 NEXT 1048576 MINEXTENTS 1 MAXEXTENTS 2147483645
  PCTINCREASE 0 FREELISTS 1 FREELIST GROUPS 1
  BUFFER_POOL DEFAULT FLASH_CACHE DEFAULT CELL_FLASH_CACHE DEFAULT)
  TABLESPACE "USERS" ;
--------------------------------------------------------
--  DDL for View MVIEW_EVALUATIONS
--------------------------------------------------------

  CREATE OR REPLACE FORCE NONEDITIONABLE VIEW "MVIEW_EVALUATIONS" ("RUNID", "MVIEW_OWNER", "MVIEW_NAME", "RANK", "STORAGE_IN_BYTES", "FREQUENCY", "CUMULATIVE_BENEFIT", "BENEFIT_TO_COST_RATIO") AS 
  select
  t1.runid# as runid,
  summary_owner AS mview_owner,
  summary_name AS mview_name,
  rank# as rank,
  storage_in_bytes,
  frequency,
  cumulative_benefit,
  benefit_to_cost_ratio
from SYSTEM.MVIEW$_ADV_OUTPUT t1, SYSTEM.MVIEW$_ADV_LOG t2, ALL_USERS u
where
  t1.runid# = t2.runid# and
  u.username = t2.uname and
  u.user_id = userenv('SCHEMAID') and
  t1.output_type = 1
order by t1.rank#;

   COMMENT ON TABLE "MVIEW_EVALUATIONS"  IS 'This view gives DBA access to summary evaluation output'
;
--------------------------------------------------------
--  DDL for View MVIEW_EXCEPTIONS
--------------------------------------------------------

  CREATE OR REPLACE FORCE NONEDITIONABLE VIEW "MVIEW_EXCEPTIONS" ("RUNID", "OWNER", "TABLE_NAME", "DIMENSION_NAME", "RELATIONSHIP", "BAD_ROWID") AS 
  select
  t1.runid# as runid,
  owner,
  table_name,
  dimension_name,
  relationship,
  bad_rowid
from SYSTEM.MVIEW$_ADV_EXCEPTIONS t1, SYSTEM.MVIEW$_ADV_LOG t2, ALL_USERS u
where
  t1.runid# = t2.runid# and
  u.username = t2.uname and
  u.user_id = userenv('SCHEMAID');

   COMMENT ON TABLE "MVIEW_EXCEPTIONS"  IS 'This view gives DBA access to dimension validation results'
;
--------------------------------------------------------
--  DDL for View MVIEW_FILTER
--------------------------------------------------------

  CREATE OR REPLACE FORCE NONEDITIONABLE VIEW "MVIEW_FILTER" ("FILTERID", "SUBFILTERNUM", "SUBFILTERTYPE", "STR_VALUE", "NUM_VALUE1", "NUM_VALUE2", "DATE_VALUE1", "DATE_VALUE2") AS 
  select
      a.filterid# as filterid,
      a.subfilternum# as subfilternum,
      decode(a.subfiltertype,1,'APPLICATION',2,'CARDINALITY',3,'LASTUSE',
                             4,'FREQUENCY',5,'USER',6,'PRIORITY',7,'BASETABLE',
                             8,'RESPONSETIME',9,'COLLECTIONID',10,'TRACENAME',
                             11,'SCHEMA','UNKNOWN') AS subfiltertype,
      a.str_value,
      to_number(decode(a.num_value1,-999,NULL,a.num_value1)) AS num_value1,
      to_number(decode(a.num_value2,-999,NULL,a.num_value2)) AS num_value2,
      a.date_value1,
      a.date_value2
   from system.mview$_adv_filter a, system.mview$_adv_log b, ALL_USERS u
   WHERE a.filterid# = b.runid#
   AND b.uname = u.username
   AND u.user_id = userenv('SCHEMAID');

   COMMENT ON TABLE "MVIEW_FILTER"  IS 'Workload filter records'
;
--------------------------------------------------------
--  DDL for View MVIEW_FILTERINSTANCE
--------------------------------------------------------

  CREATE OR REPLACE FORCE NONEDITIONABLE VIEW "MVIEW_FILTERINSTANCE" ("RUNID", "FILTERID", "SUBFILTERNUM", "SUBFILTERTYPE", "STR_VALUE", "NUM_VALUE1", "NUM_VALUE2", "DATE_VALUE1", "DATE_VALUE2") AS 
  select
      a.runid# as runid,
      a.filterid# as filterid,
      a.subfilternum# as subfilternum,
      decode(a.subfiltertype,1,'APPLICATION',2,'CARDINALITY',3,'LASTUSE',
                             4,'FREQUENCY',5,'USER',6,'PRIORITY',7,'BASETABLE',
                             8,'RESPONSETIME',9,'COLLECTIONID',10,'TRACENAME',
                             11,'SCHEMA','UNKNOWN') AS subfiltertype,
      a.str_value,
      to_number(decode(a.num_value1,-999,NULL,a.num_value1)) AS num_value1,
      to_number(decode(a.num_value2,-999,NULL,a.num_value2)) AS num_value2,
      a.date_value1,
      a.date_value2
   from system.mview$_adv_filterinstance a;

   COMMENT ON TABLE "MVIEW_FILTERINSTANCE"  IS 'Workload filter instance records'
;
--------------------------------------------------------
--  DDL for View MVIEW_LOG
--------------------------------------------------------

  CREATE OR REPLACE FORCE NONEDITIONABLE VIEW "MVIEW_LOG" ("ID", "FILTERID", "RUN_BEGIN", "RUN_END", "TYPE", "STATUS", "MESSAGE", "COMPLETED", "TOTAL", "ERROR_CODE") AS 
  select
      m.runid# as id,
      m.filterid# as filterid,
      m.run_begin,
      m.run_end,
      decode(m.run_type,1,'EVALUATE',2,'EVALUATE_W',3,'RECOMMEND',
                      4,'RECOMMEND_W',5,'VALIDATE',6,'WORKLOAD',
                      7,'FILTER','UNKNOWN') AS type,
      decode(m.status,0,'UNUSED',1,'CANCELLED',2,'IN_PROGRESS',3,'COMPLETED',
                    4,'ERROR','UNKNOWN') AS status,
      m.message,
      m.completed,
      m.total,
      m.error_code
   from system.mview$_adv_log m, all_users u
   where m.uname = u.username
   and   u.user_id = userenv('SCHEMAID');

   COMMENT ON TABLE "MVIEW_LOG"  IS 'Advisor session log'
;
--------------------------------------------------------
--  DDL for View MVIEW_RECOMMENDATIONS
--------------------------------------------------------

  CREATE OR REPLACE FORCE NONEDITIONABLE VIEW "MVIEW_RECOMMENDATIONS" ("RUNID", "ALL_TABLES", "FACT_TABLES", "GROUPING_LEVELS", "QUERY_TEXT", "RECOMMENDATION_NUMBER", "RECOMMENDED_ACTION", "MVIEW_OWNER", "MVIEW_NAME", "STORAGE_IN_BYTES", "PCT_PERFORMANCE_GAIN", "BENEFIT_TO_COST_RATIO") AS 
  select
  t1.runid# as runid,
  t1.from_clause as all_tables,
  fact_tables,
  grouping_levels,
  query_text,
  rank# as recommendation_number,
  action_type as recommended_action,
  summary_owner as mview_owner,
  summary_name as mview_name,
  storage_in_bytes,
  pct_performance_gain,
  benefit_to_cost_ratio
from SYSTEM.MVIEW$_ADV_OUTPUT t1, SYSTEM.MVIEW$_ADV_LOG t2, ALL_USERS u
where
  t1.runid# = t2.runid# and
  u.username = t2.uname and
  u.user_id = userenv('SCHEMAID') and
  t1.output_type = 0
order by t1.rank#;

   COMMENT ON TABLE "MVIEW_RECOMMENDATIONS"  IS 'This view gives DBA access to summary recommendations'
;
--------------------------------------------------------
--  DDL for View MVIEW_WORKLOAD
--------------------------------------------------------

  CREATE OR REPLACE FORCE NONEDITIONABLE VIEW "MVIEW_WORKLOAD" ("WORKLOADID", "IMPORT_TIME", "QUERYID", "APPLICATION", "CARDINALITY", "RESULTSIZE", "LASTUSE", "FREQUENCY", "OWNER", "PRIORITY", "QUERY", "RESPONSETIME") AS 
  select
  a.collectionid# as workloadid,
  a.collecttime as import_time,
  a.queryid# as queryid,
  a.application,
  a.cardinality,
  a.resultsize,
  a.qdate as lastuse,
  a.frequency,
  a.uname as owner,
  a.priority,
  a.sql_text as query,
  a.exec_time as responsetime
from SYSTEM.MVIEW$_ADV_WORKLOAD A, SYSTEM.MVIEW$_ADV_LOG B, ALL_USERS D
WHERE a.collectionid# = b.runid#
AND b.uname = d.username
AND d.user_id = userenv('SCHEMAID');

   COMMENT ON TABLE "MVIEW_WORKLOAD"  IS 'This view gives DBA access to shared workload'
;
--------------------------------------------------------
--  DDL for View PRODUCT_PRIVS
--------------------------------------------------------

  CREATE OR REPLACE FORCE NONEDITIONABLE VIEW "PRODUCT_PRIVS" ("PRODUCT", "USERID", "ATTRIBUTE", "SCOPE", "NUMERIC_VALUE", "CHAR_VALUE", "DATE_VALUE", "LONG_VALUE") AS 
  SELECT PRODUCT, USERID, ATTRIBUTE, SCOPE,
         NUMERIC_VALUE, CHAR_VALUE, DATE_VALUE, LONG_VALUE
  FROM SQLPLUS_PRODUCT_PROFILE
  WHERE USERID = 'PUBLIC' OR
        USERID LIKE SYS_CONTEXT('USERENV','CURRENT_USER')
;
  GRANT READ ON "PRODUCT_PRIVS" TO PUBLIC;
--------------------------------------------------------
--  DDL for View SCHEDULER_JOB_ARGS
--------------------------------------------------------

  CREATE OR REPLACE FORCE NONEDITIONABLE VIEW "SCHEDULER_JOB_ARGS" ("OWNER", "JOB_NAME", "ARGUMENT_NAME", "ARGUMENT_POSITION", "ARGUMENT_TYPE", "VALUE", "ANYDATA_VALUE", "OUT_ARGUMENT") AS 
  SELECT "OWNER","JOB_NAME","ARGUMENT_NAME","ARGUMENT_POSITION","ARGUMENT_TYPE","VALUE","ANYDATA_VALUE","OUT_ARGUMENT" FROM sys.all_scheduler_job_args
;
  GRANT SELECT ON "SCHEDULER_JOB_ARGS" TO "SELECT_CATALOG_ROLE";
--------------------------------------------------------
--  DDL for View SCHEDULER_PROGRAM_ARGS
--------------------------------------------------------

  CREATE OR REPLACE FORCE NONEDITIONABLE VIEW "SCHEDULER_PROGRAM_ARGS" ("OWNER", "PROGRAM_NAME", "ARGUMENT_NAME", "ARGUMENT_POSITION", "ARGUMENT_TYPE", "METADATA_ATTRIBUTE", "DEFAULT_VALUE", "DEFAULT_ANYDATA_VALUE", "OUT_ARGUMENT") AS 
  SELECT "OWNER","PROGRAM_NAME","ARGUMENT_NAME","ARGUMENT_POSITION","ARGUMENT_TYPE","METADATA_ATTRIBUTE","DEFAULT_VALUE","DEFAULT_ANYDATA_VALUE","OUT_ARGUMENT" FROM sys.all_scheduler_program_args
;
  GRANT SELECT ON "SCHEDULER_PROGRAM_ARGS" TO "SELECT_CATALOG_ROLE";
REM INSERTING into FILM
SET DEFINE OFF;
Insert into FILM (FILM_ID,OPIS,CZAS_TRWANIA,CZY_3D,CZY_NAPISY,CZY_DUBBING,CZY_ORIGINAL,WIEK,DATA_WYDANIA,TITLE) values ('1','Ratujemy misia z lasu','130','1','1','1','0','9',to_date('14/02/13 00:00:00','RR/MM/DD HH24:MI:SS'),'Wielki miœ');
Insert into FILM (FILM_ID,OPIS,CZAS_TRWANIA,CZY_3D,CZY_NAPISY,CZY_DUBBING,CZY_ORIGINAL,WIEK,DATA_WYDANIA,TITLE) values ('2','Bambo w akcji','190','0','1','0','0','18',to_date('05/05/11 00:00:00','RR/MM/DD HH24:MI:SS'),'Rambo');
REM INSERTING into FILM_SEANS
SET DEFINE OFF;
Insert into FILM_SEANS (FILM_ID,SEANS_ID) values ('1','1');
Insert into FILM_SEANS (FILM_ID,SEANS_ID) values ('2','2');
REM INSERTING into FOTEL
SET DEFINE OFF;
Insert into FOTEL (FOTEL_ID,RZAD,NUMER,SALA_ID) values ('1','1','1','1');
Insert into FOTEL (FOTEL_ID,RZAD,NUMER,SALA_ID) values ('2','1','2','1');
Insert into FOTEL (FOTEL_ID,RZAD,NUMER,SALA_ID) values ('3','1','3','1');
Insert into FOTEL (FOTEL_ID,RZAD,NUMER,SALA_ID) values ('4','2','4','1');
Insert into FOTEL (FOTEL_ID,RZAD,NUMER,SALA_ID) values ('5','2','5','1');
Insert into FOTEL (FOTEL_ID,RZAD,NUMER,SALA_ID) values ('6','2','6','1');
REM INSERTING into KINO
SET DEFINE OFF;
Insert into KINO (KINO_ID,OPIS,ADRES,MIASTO,NAME) values ('1','Hell','Jurowiecka','Bialystok','Helios');
REM INSERTING into KLIENT
SET DEFINE OFF;
Insert into KLIENT (KLIENT_ID,IMIE,NAZWISKO,LOGIN,EMAIL,NR_TELEFONU,HASLO,ADRES) values ('1','Krzysiek','Funkowski','k','k@k.k','2137','k','gaia.com');
Insert into KLIENT (KLIENT_ID,IMIE,NAZWISKO,LOGIN,EMAIL,NR_TELEFONU,HASLO,ADRES) values ('2','admin','admin','admin','ad@min.pl','1337','admin','adminowa 3');
Insert into KLIENT (KLIENT_ID,IMIE,NAZWISKO,LOGIN,EMAIL,NR_TELEFONU,HASLO,ADRES) values ('3','test','test','test','test','test','test','test');
REM INSERTING into KONTRAHENT
SET DEFINE OFF;
Insert into KONTRAHENT (KONTRAHENT_ID,NIP,NAZWA_FIRMY,MIASTO,ADRES) values ('1','213213','Pepco','Pepcowo','Pepcowa 2/3');
REM INSERTING into MAGAZYN
SET DEFINE OFF;
Insert into MAGAZYN (MAGAZYN_ID,OPIS,ADRES,MIASTO,KINO_ID) values ('20','main','helios ten sam','bialystok','1');
Insert into MAGAZYN (MAGAZYN_ID,OPIS,ADRES,MIASTO,KINO_ID) values ('21','Magazyn na jedzonko','Jurowiecka 2/3','Bialystok','1');
REM INSERTING into PRACOWNIK
SET DEFINE OFF;
Insert into PRACOWNIK (PRACOWNIK_ID,IMIE,NAZWISKO,LOGIN,EMAIL,NR_TELEFONU,HASLO,RODZAJ_UMOWY,CZY_KIEROWNIK,KINO_ID) values ('1','pracownik','pracownik','p','pracownik@pr.com','321321321','p','wlasciciel','1','1');
REM INSERTING into PRZEDMIOT
SET DEFINE OFF;
Insert into PRZEDMIOT (PRZEDMIOT_ID,RABAT,NAZWA,KATEGORIA,CENA,CZY_NA_WYNOS,PRODUCENT,DATA_WAZNOSCI) values ('2',null,'Popcorn','Jedzenie','5,99','0','Helios',to_date('00/11/23 13:31:00','RR/MM/DD HH24:MI:SS'));
Insert into PRZEDMIOT (PRZEDMIOT_ID,RABAT,NAZWA,KATEGORIA,CENA,CZY_NA_WYNOS,PRODUCENT,DATA_WAZNOSCI) values ('1',null,'Chleb','Pieczywo','2,69','1','Okruszek',to_date('01/01/21 22:23:00','RR/MM/DD HH24:MI:SS'));
REM INSERTING into PRZEDMIOT_MAGAZYN
SET DEFINE OFF;
Insert into PRZEDMIOT_MAGAZYN (ILOSC,MAGAZYN_ID,PRZEDMIOT_ID) values ('13','20','2');
Insert into PRZEDMIOT_MAGAZYN (ILOSC,MAGAZYN_ID,PRZEDMIOT_ID) values ('3','20','1');
REM INSERTING into PRZEDMIOT_PRZEDMIOT_TRANSAKCJA
SET DEFINE OFF;
Insert into PRZEDMIOT_PRZEDMIOT_TRANSAKCJA (PRZEDMIOT_ID,PRZEDMIOT_TRANSAKCJA_ID) values ('1','3');
Insert into PRZEDMIOT_PRZEDMIOT_TRANSAKCJA (PRZEDMIOT_ID,PRZEDMIOT_TRANSAKCJA_ID) values ('2','1');
Insert into PRZEDMIOT_PRZEDMIOT_TRANSAKCJA (PRZEDMIOT_ID,PRZEDMIOT_TRANSAKCJA_ID) values ('2','2');
Insert into PRZEDMIOT_PRZEDMIOT_TRANSAKCJA (PRZEDMIOT_ID,PRZEDMIOT_TRANSAKCJA_ID) values ('2','3');
REM INSERTING into PRZEDMIOT_TRANSAKCJA
SET DEFINE OFF;
Insert into PRZEDMIOT_TRANSAKCJA (PRZEDMIOT_TRANSAKCJA_ID,CZY_KARTA,CZY_GOTOWKA,CENA,CZY_FAKTURA,KONTRAHENT_ID,PRACOWNIK_ID,MAGAZYN_ID) values ('2','0','1','44','0',null,'1','20');
Insert into PRZEDMIOT_TRANSAKCJA (PRZEDMIOT_TRANSAKCJA_ID,CZY_KARTA,CZY_GOTOWKA,CENA,CZY_FAKTURA,KONTRAHENT_ID,PRACOWNIK_ID,MAGAZYN_ID) values ('3','0','1','22','0','1','1','20');
Insert into PRZEDMIOT_TRANSAKCJA (PRZEDMIOT_TRANSAKCJA_ID,CZY_KARTA,CZY_GOTOWKA,CENA,CZY_FAKTURA,KONTRAHENT_ID,PRACOWNIK_ID,MAGAZYN_ID) values ('1','0','1','13,37','0',null,'1','20');
REM INSERTING into REZERWACJA
SET DEFINE OFF;
Insert into REZERWACJA (REZERWACJA_ID,NAZWA,DATA_REZERWACJI,CZY_OPLACONA,SEANS_ID,KLIENT_ID) values ('2','Wielki miœ 2005-02-12T12:12:12 - 2005-02-12T14:22:12',to_date('21/12/11 00:00:00','RR/MM/DD HH24:MI:SS'),'1','1','3');
Insert into REZERWACJA (REZERWACJA_ID,NAZWA,DATA_REZERWACJI,CZY_OPLACONA,SEANS_ID,KLIENT_ID) values ('1','Rambo 2015-01-13T13:31 - 2015-01-13T16:41',to_date('21/12/11 00:00:00','RR/MM/DD HH24:MI:SS'),'1','2','3');
REM INSERTING into REZERWACJA_FOTEL
SET DEFINE OFF;
Insert into REZERWACJA_FOTEL (FOTEL_ID,REZERWACJA_ID) values ('2','2');
Insert into REZERWACJA_FOTEL (FOTEL_ID,REZERWACJA_ID) values ('4','1');
Insert into REZERWACJA_FOTEL (FOTEL_ID,REZERWACJA_ID) values ('4','2');
REM INSERTING into REZERWACJA_TRANSAKCJA
SET DEFINE OFF;
Insert into REZERWACJA_TRANSAKCJA (TRANSAKCJA_ID,CZY_KARTA,CZY_GOTOWKA,CENA,KLIENT_ID,PRACOWNIK_ID,REZERWACJA_ID) values ('1','0','1','13,31','3','1','1');
Insert into REZERWACJA_TRANSAKCJA (TRANSAKCJA_ID,CZY_KARTA,CZY_GOTOWKA,CENA,KLIENT_ID,PRACOWNIK_ID,REZERWACJA_ID) values ('2','1','0','13,31','3','1','2');
REM INSERTING into SALA
SET DEFINE OFF;
Insert into SALA (SALA_ID,LICZBA_MIEJSC,LICZBA_RZEDOW,MIEJSC_W_RZEDZIE,CZY_3D,KINO_KINO_ID,NAZWA) values ('1','6','2','3','1','1','Helios 2');
REM INSERTING into SEANS
SET DEFINE OFF;
Insert into SEANS (SEANS_ID,GODZINA_ROZPOCZECIA,GODZINA_ZAKONCZENIA,SALA_ID,CENA) values ('2',to_date('15/01/13 13:31:00','RR/MM/DD HH24:MI:SS'),to_date('15/01/13 16:41:00','RR/MM/DD HH24:MI:SS'),'1','14');
Insert into SEANS (SEANS_ID,GODZINA_ROZPOCZECIA,GODZINA_ZAKONCZENIA,SALA_ID,CENA) values ('1',to_date('05/02/12 12:12:12','RR/MM/DD HH24:MI:SS'),to_date('05/02/12 14:22:12','RR/MM/DD HH24:MI:SS'),'1','69');
--------------------------------------------------------
--  DDL for Index FILM_PK
--------------------------------------------------------

  CREATE UNIQUE INDEX "FILM_PK" ON "FILM" ("FILM_ID") 
  PCTFREE 10 INITRANS 2 MAXTRANS 255 COMPUTE STATISTICS 
  STORAGE(INITIAL 65536 NEXT 1048576 MINEXTENTS 1 MAXEXTENTS 2147483645
  PCTINCREASE 0 FREELISTS 1 FREELIST GROUPS 1
  BUFFER_POOL DEFAULT FLASH_CACHE DEFAULT CELL_FLASH_CACHE DEFAULT)
  TABLESPACE "USERS" ;
--------------------------------------------------------
--  DDL for Index FILM_SEANS_PK
--------------------------------------------------------

  CREATE UNIQUE INDEX "FILM_SEANS_PK" ON "FILM_SEANS" ("FILM_ID", "SEANS_ID") 
  PCTFREE 10 INITRANS 2 MAXTRANS 255 COMPUTE STATISTICS 
  STORAGE(INITIAL 65536 NEXT 1048576 MINEXTENTS 1 MAXEXTENTS 2147483645
  PCTINCREASE 0 FREELISTS 1 FREELIST GROUPS 1
  BUFFER_POOL DEFAULT FLASH_CACHE DEFAULT CELL_FLASH_CACHE DEFAULT)
  TABLESPACE "USERS" ;
--------------------------------------------------------
--  DDL for Index FOTEL_PK
--------------------------------------------------------

  CREATE UNIQUE INDEX "FOTEL_PK" ON "FOTEL" ("FOTEL_ID") 
  PCTFREE 10 INITRANS 2 MAXTRANS 255 COMPUTE STATISTICS 
  STORAGE(INITIAL 65536 NEXT 1048576 MINEXTENTS 1 MAXEXTENTS 2147483645
  PCTINCREASE 0 FREELISTS 1 FREELIST GROUPS 1
  BUFFER_POOL DEFAULT FLASH_CACHE DEFAULT CELL_FLASH_CACHE DEFAULT)
  TABLESPACE "USERS" ;
--------------------------------------------------------
--  DDL for Index KINO_PK
--------------------------------------------------------

  CREATE UNIQUE INDEX "KINO_PK" ON "KINO" ("KINO_ID") 
  PCTFREE 10 INITRANS 2 MAXTRANS 255 COMPUTE STATISTICS 
  STORAGE(INITIAL 65536 NEXT 1048576 MINEXTENTS 1 MAXEXTENTS 2147483645
  PCTINCREASE 0 FREELISTS 1 FREELIST GROUPS 1
  BUFFER_POOL DEFAULT FLASH_CACHE DEFAULT CELL_FLASH_CACHE DEFAULT)
  TABLESPACE "USERS" ;
--------------------------------------------------------
--  DDL for Index KLIENT_PK
--------------------------------------------------------

  CREATE UNIQUE INDEX "KLIENT_PK" ON "KLIENT" ("KLIENT_ID") 
  PCTFREE 10 INITRANS 2 MAXTRANS 255 COMPUTE STATISTICS 
  STORAGE(INITIAL 65536 NEXT 1048576 MINEXTENTS 1 MAXEXTENTS 2147483645
  PCTINCREASE 0 FREELISTS 1 FREELIST GROUPS 1
  BUFFER_POOL DEFAULT FLASH_CACHE DEFAULT CELL_FLASH_CACHE DEFAULT)
  TABLESPACE "USERS" ;
--------------------------------------------------------
--  DDL for Index KONTRAHENT_PK
--------------------------------------------------------

  CREATE UNIQUE INDEX "KONTRAHENT_PK" ON "KONTRAHENT" ("KONTRAHENT_ID") 
  PCTFREE 10 INITRANS 2 MAXTRANS 255 COMPUTE STATISTICS 
  STORAGE(INITIAL 65536 NEXT 1048576 MINEXTENTS 1 MAXEXTENTS 2147483645
  PCTINCREASE 0 FREELISTS 1 FREELIST GROUPS 1
  BUFFER_POOL DEFAULT FLASH_CACHE DEFAULT CELL_FLASH_CACHE DEFAULT)
  TABLESPACE "USERS" ;
--------------------------------------------------------
--  DDL for Index MAGAZYN_PK
--------------------------------------------------------

  CREATE UNIQUE INDEX "MAGAZYN_PK" ON "MAGAZYN" ("MAGAZYN_ID") 
  PCTFREE 10 INITRANS 2 MAXTRANS 255 COMPUTE STATISTICS 
  STORAGE(INITIAL 65536 NEXT 1048576 MINEXTENTS 1 MAXEXTENTS 2147483645
  PCTINCREASE 0 FREELISTS 1 FREELIST GROUPS 1
  BUFFER_POOL DEFAULT FLASH_CACHE DEFAULT CELL_FLASH_CACHE DEFAULT)
  TABLESPACE "USERS" ;
--------------------------------------------------------
--  DDL for Index PRACOWNIK_PK
--------------------------------------------------------

  CREATE UNIQUE INDEX "PRACOWNIK_PK" ON "PRACOWNIK" ("PRACOWNIK_ID") 
  PCTFREE 10 INITRANS 2 MAXTRANS 255 COMPUTE STATISTICS 
  STORAGE(INITIAL 65536 NEXT 1048576 MINEXTENTS 1 MAXEXTENTS 2147483645
  PCTINCREASE 0 FREELISTS 1 FREELIST GROUPS 1
  BUFFER_POOL DEFAULT FLASH_CACHE DEFAULT CELL_FLASH_CACHE DEFAULT)
  TABLESPACE "USERS" ;
--------------------------------------------------------
--  DDL for Index PRZEDMIOT_MAGAZYN_PK
--------------------------------------------------------

  CREATE UNIQUE INDEX "PRZEDMIOT_MAGAZYN_PK" ON "PRZEDMIOT_MAGAZYN" ("MAGAZYN_ID", "PRZEDMIOT_ID") 
  PCTFREE 10 INITRANS 2 MAXTRANS 255 COMPUTE STATISTICS 
  STORAGE(INITIAL 65536 NEXT 1048576 MINEXTENTS 1 MAXEXTENTS 2147483645
  PCTINCREASE 0 FREELISTS 1 FREELIST GROUPS 1
  BUFFER_POOL DEFAULT FLASH_CACHE DEFAULT CELL_FLASH_CACHE DEFAULT)
  TABLESPACE "USERS" ;
--------------------------------------------------------
--  DDL for Index PRZEDMIOT_PK
--------------------------------------------------------

  CREATE UNIQUE INDEX "PRZEDMIOT_PK" ON "PRZEDMIOT" ("PRZEDMIOT_ID") 
  PCTFREE 10 INITRANS 2 MAXTRANS 255 COMPUTE STATISTICS 
  STORAGE(INITIAL 65536 NEXT 1048576 MINEXTENTS 1 MAXEXTENTS 2147483645
  PCTINCREASE 0 FREELISTS 1 FREELIST GROUPS 1
  BUFFER_POOL DEFAULT FLASH_CACHE DEFAULT CELL_FLASH_CACHE DEFAULT)
  TABLESPACE "USERS" ;
--------------------------------------------------------
--  DDL for Index PRZ_PRZ_TRA_PK
--------------------------------------------------------

  CREATE UNIQUE INDEX "PRZ_PRZ_TRA_PK" ON "PRZEDMIOT_PRZEDMIOT_TRANSAKCJA" ("PRZEDMIOT_ID", "PRZEDMIOT_TRANSAKCJA_ID") 
  PCTFREE 10 INITRANS 2 MAXTRANS 255 COMPUTE STATISTICS 
  STORAGE(INITIAL 65536 NEXT 1048576 MINEXTENTS 1 MAXEXTENTS 2147483645
  PCTINCREASE 0 FREELISTS 1 FREELIST GROUPS 1
  BUFFER_POOL DEFAULT FLASH_CACHE DEFAULT CELL_FLASH_CACHE DEFAULT)
  TABLESPACE "USERS" ;
--------------------------------------------------------
--  DDL for Index PRZEDMIOT_TRANSAKCJA_PK
--------------------------------------------------------

  CREATE UNIQUE INDEX "PRZEDMIOT_TRANSAKCJA_PK" ON "PRZEDMIOT_TRANSAKCJA" ("PRZEDMIOT_TRANSAKCJA_ID") 
  PCTFREE 10 INITRANS 2 MAXTRANS 255 COMPUTE STATISTICS 
  STORAGE(INITIAL 65536 NEXT 1048576 MINEXTENTS 1 MAXEXTENTS 2147483645
  PCTINCREASE 0 FREELISTS 1 FREELIST GROUPS 1
  BUFFER_POOL DEFAULT FLASH_CACHE DEFAULT CELL_FLASH_CACHE DEFAULT)
  TABLESPACE "USERS" ;
--------------------------------------------------------
--  DDL for Index REZERWACJA_FOTEL_PK
--------------------------------------------------------

  CREATE UNIQUE INDEX "REZERWACJA_FOTEL_PK" ON "REZERWACJA_FOTEL" ("FOTEL_ID", "REZERWACJA_ID") 
  PCTFREE 10 INITRANS 2 MAXTRANS 255 COMPUTE STATISTICS 
  STORAGE(INITIAL 65536 NEXT 1048576 MINEXTENTS 1 MAXEXTENTS 2147483645
  PCTINCREASE 0 FREELISTS 1 FREELIST GROUPS 1
  BUFFER_POOL DEFAULT FLASH_CACHE DEFAULT CELL_FLASH_CACHE DEFAULT)
  TABLESPACE "USERS" ;
--------------------------------------------------------
--  DDL for Index REZERWACJA_PK
--------------------------------------------------------

  CREATE UNIQUE INDEX "REZERWACJA_PK" ON "REZERWACJA" ("REZERWACJA_ID") 
  PCTFREE 10 INITRANS 2 MAXTRANS 255 COMPUTE STATISTICS 
  STORAGE(INITIAL 65536 NEXT 1048576 MINEXTENTS 1 MAXEXTENTS 2147483645
  PCTINCREASE 0 FREELISTS 1 FREELIST GROUPS 1
  BUFFER_POOL DEFAULT FLASH_CACHE DEFAULT CELL_FLASH_CACHE DEFAULT)
  TABLESPACE "USERS" ;
--------------------------------------------------------
--  DDL for Index REZERWACJA_TRANSAKCJA_PK
--------------------------------------------------------

  CREATE UNIQUE INDEX "REZERWACJA_TRANSAKCJA_PK" ON "REZERWACJA_TRANSAKCJA" ("TRANSAKCJA_ID") 
  PCTFREE 10 INITRANS 2 MAXTRANS 255 COMPUTE STATISTICS 
  STORAGE(INITIAL 65536 NEXT 1048576 MINEXTENTS 1 MAXEXTENTS 2147483645
  PCTINCREASE 0 FREELISTS 1 FREELIST GROUPS 1
  BUFFER_POOL DEFAULT FLASH_CACHE DEFAULT CELL_FLASH_CACHE DEFAULT)
  TABLESPACE "USERS" ;
--------------------------------------------------------
--  DDL for Index SALA_PK
--------------------------------------------------------

  CREATE UNIQUE INDEX "SALA_PK" ON "SALA" ("SALA_ID") 
  PCTFREE 10 INITRANS 2 MAXTRANS 255 COMPUTE STATISTICS 
  STORAGE(INITIAL 65536 NEXT 1048576 MINEXTENTS 1 MAXEXTENTS 2147483645
  PCTINCREASE 0 FREELISTS 1 FREELIST GROUPS 1
  BUFFER_POOL DEFAULT FLASH_CACHE DEFAULT CELL_FLASH_CACHE DEFAULT)
  TABLESPACE "USERS" ;
--------------------------------------------------------
--  DDL for Index SEANS_PK
--------------------------------------------------------

  CREATE UNIQUE INDEX "SEANS_PK" ON "SEANS" ("SEANS_ID") 
  PCTFREE 10 INITRANS 2 MAXTRANS 255 COMPUTE STATISTICS 
  STORAGE(INITIAL 65536 NEXT 1048576 MINEXTENTS 1 MAXEXTENTS 2147483645
  PCTINCREASE 0 FREELISTS 1 FREELIST GROUPS 1
  BUFFER_POOL DEFAULT FLASH_CACHE DEFAULT CELL_FLASH_CACHE DEFAULT)
  TABLESPACE "USERS" ;
--------------------------------------------------------
--  DDL for Index FILM_PK
--------------------------------------------------------

  CREATE UNIQUE INDEX "FILM_PK" ON "FILM" ("FILM_ID") 
  PCTFREE 10 INITRANS 2 MAXTRANS 255 COMPUTE STATISTICS 
  STORAGE(INITIAL 65536 NEXT 1048576 MINEXTENTS 1 MAXEXTENTS 2147483645
  PCTINCREASE 0 FREELISTS 1 FREELIST GROUPS 1
  BUFFER_POOL DEFAULT FLASH_CACHE DEFAULT CELL_FLASH_CACHE DEFAULT)
  TABLESPACE "USERS" ;
--------------------------------------------------------
--  DDL for Index FILM_SEANS_PK
--------------------------------------------------------

  CREATE UNIQUE INDEX "FILM_SEANS_PK" ON "FILM_SEANS" ("FILM_ID", "SEANS_ID") 
  PCTFREE 10 INITRANS 2 MAXTRANS 255 COMPUTE STATISTICS 
  STORAGE(INITIAL 65536 NEXT 1048576 MINEXTENTS 1 MAXEXTENTS 2147483645
  PCTINCREASE 0 FREELISTS 1 FREELIST GROUPS 1
  BUFFER_POOL DEFAULT FLASH_CACHE DEFAULT CELL_FLASH_CACHE DEFAULT)
  TABLESPACE "USERS" ;
--------------------------------------------------------
--  DDL for Index FOTEL_PK
--------------------------------------------------------

  CREATE UNIQUE INDEX "FOTEL_PK" ON "FOTEL" ("FOTEL_ID") 
  PCTFREE 10 INITRANS 2 MAXTRANS 255 COMPUTE STATISTICS 
  STORAGE(INITIAL 65536 NEXT 1048576 MINEXTENTS 1 MAXEXTENTS 2147483645
  PCTINCREASE 0 FREELISTS 1 FREELIST GROUPS 1
  BUFFER_POOL DEFAULT FLASH_CACHE DEFAULT CELL_FLASH_CACHE DEFAULT)
  TABLESPACE "USERS" ;
--------------------------------------------------------
--  DDL for Index KINO_PK
--------------------------------------------------------

  CREATE UNIQUE INDEX "KINO_PK" ON "KINO" ("KINO_ID") 
  PCTFREE 10 INITRANS 2 MAXTRANS 255 COMPUTE STATISTICS 
  STORAGE(INITIAL 65536 NEXT 1048576 MINEXTENTS 1 MAXEXTENTS 2147483645
  PCTINCREASE 0 FREELISTS 1 FREELIST GROUPS 1
  BUFFER_POOL DEFAULT FLASH_CACHE DEFAULT CELL_FLASH_CACHE DEFAULT)
  TABLESPACE "USERS" ;
--------------------------------------------------------
--  DDL for Index KLIENT_PK
--------------------------------------------------------

  CREATE UNIQUE INDEX "KLIENT_PK" ON "KLIENT" ("KLIENT_ID") 
  PCTFREE 10 INITRANS 2 MAXTRANS 255 COMPUTE STATISTICS 
  STORAGE(INITIAL 65536 NEXT 1048576 MINEXTENTS 1 MAXEXTENTS 2147483645
  PCTINCREASE 0 FREELISTS 1 FREELIST GROUPS 1
  BUFFER_POOL DEFAULT FLASH_CACHE DEFAULT CELL_FLASH_CACHE DEFAULT)
  TABLESPACE "USERS" ;
--------------------------------------------------------
--  DDL for Index KONTRAHENT_PK
--------------------------------------------------------

  CREATE UNIQUE INDEX "KONTRAHENT_PK" ON "KONTRAHENT" ("KONTRAHENT_ID") 
  PCTFREE 10 INITRANS 2 MAXTRANS 255 COMPUTE STATISTICS 
  STORAGE(INITIAL 65536 NEXT 1048576 MINEXTENTS 1 MAXEXTENTS 2147483645
  PCTINCREASE 0 FREELISTS 1 FREELIST GROUPS 1
  BUFFER_POOL DEFAULT FLASH_CACHE DEFAULT CELL_FLASH_CACHE DEFAULT)
  TABLESPACE "USERS" ;
--------------------------------------------------------
--  DDL for Index MAGAZYN_PK
--------------------------------------------------------

  CREATE UNIQUE INDEX "MAGAZYN_PK" ON "MAGAZYN" ("MAGAZYN_ID") 
  PCTFREE 10 INITRANS 2 MAXTRANS 255 COMPUTE STATISTICS 
  STORAGE(INITIAL 65536 NEXT 1048576 MINEXTENTS 1 MAXEXTENTS 2147483645
  PCTINCREASE 0 FREELISTS 1 FREELIST GROUPS 1
  BUFFER_POOL DEFAULT FLASH_CACHE DEFAULT CELL_FLASH_CACHE DEFAULT)
  TABLESPACE "USERS" ;
--------------------------------------------------------
--  DDL for Index PRACOWNIK_PK
--------------------------------------------------------

  CREATE UNIQUE INDEX "PRACOWNIK_PK" ON "PRACOWNIK" ("PRACOWNIK_ID") 
  PCTFREE 10 INITRANS 2 MAXTRANS 255 COMPUTE STATISTICS 
  STORAGE(INITIAL 65536 NEXT 1048576 MINEXTENTS 1 MAXEXTENTS 2147483645
  PCTINCREASE 0 FREELISTS 1 FREELIST GROUPS 1
  BUFFER_POOL DEFAULT FLASH_CACHE DEFAULT CELL_FLASH_CACHE DEFAULT)
  TABLESPACE "USERS" ;
--------------------------------------------------------
--  DDL for Index PRZEDMIOT_PK
--------------------------------------------------------

  CREATE UNIQUE INDEX "PRZEDMIOT_PK" ON "PRZEDMIOT" ("PRZEDMIOT_ID") 
  PCTFREE 10 INITRANS 2 MAXTRANS 255 COMPUTE STATISTICS 
  STORAGE(INITIAL 65536 NEXT 1048576 MINEXTENTS 1 MAXEXTENTS 2147483645
  PCTINCREASE 0 FREELISTS 1 FREELIST GROUPS 1
  BUFFER_POOL DEFAULT FLASH_CACHE DEFAULT CELL_FLASH_CACHE DEFAULT)
  TABLESPACE "USERS" ;
--------------------------------------------------------
--  DDL for Index PRZEDMIOT_MAGAZYN_PK
--------------------------------------------------------

  CREATE UNIQUE INDEX "PRZEDMIOT_MAGAZYN_PK" ON "PRZEDMIOT_MAGAZYN" ("MAGAZYN_ID", "PRZEDMIOT_ID") 
  PCTFREE 10 INITRANS 2 MAXTRANS 255 COMPUTE STATISTICS 
  STORAGE(INITIAL 65536 NEXT 1048576 MINEXTENTS 1 MAXEXTENTS 2147483645
  PCTINCREASE 0 FREELISTS 1 FREELIST GROUPS 1
  BUFFER_POOL DEFAULT FLASH_CACHE DEFAULT CELL_FLASH_CACHE DEFAULT)
  TABLESPACE "USERS" ;
--------------------------------------------------------
--  DDL for Index PRZ_PRZ_TRA_PK
--------------------------------------------------------

  CREATE UNIQUE INDEX "PRZ_PRZ_TRA_PK" ON "PRZEDMIOT_PRZEDMIOT_TRANSAKCJA" ("PRZEDMIOT_ID", "PRZEDMIOT_TRANSAKCJA_ID") 
  PCTFREE 10 INITRANS 2 MAXTRANS 255 COMPUTE STATISTICS 
  STORAGE(INITIAL 65536 NEXT 1048576 MINEXTENTS 1 MAXEXTENTS 2147483645
  PCTINCREASE 0 FREELISTS 1 FREELIST GROUPS 1
  BUFFER_POOL DEFAULT FLASH_CACHE DEFAULT CELL_FLASH_CACHE DEFAULT)
  TABLESPACE "USERS" ;
--------------------------------------------------------
--  DDL for Index PRZEDMIOT_TRANSAKCJA_PK
--------------------------------------------------------

  CREATE UNIQUE INDEX "PRZEDMIOT_TRANSAKCJA_PK" ON "PRZEDMIOT_TRANSAKCJA" ("PRZEDMIOT_TRANSAKCJA_ID") 
  PCTFREE 10 INITRANS 2 MAXTRANS 255 COMPUTE STATISTICS 
  STORAGE(INITIAL 65536 NEXT 1048576 MINEXTENTS 1 MAXEXTENTS 2147483645
  PCTINCREASE 0 FREELISTS 1 FREELIST GROUPS 1
  BUFFER_POOL DEFAULT FLASH_CACHE DEFAULT CELL_FLASH_CACHE DEFAULT)
  TABLESPACE "USERS" ;
--------------------------------------------------------
--  DDL for Index REZERWACJA_PK
--------------------------------------------------------

  CREATE UNIQUE INDEX "REZERWACJA_PK" ON "REZERWACJA" ("REZERWACJA_ID") 
  PCTFREE 10 INITRANS 2 MAXTRANS 255 COMPUTE STATISTICS 
  STORAGE(INITIAL 65536 NEXT 1048576 MINEXTENTS 1 MAXEXTENTS 2147483645
  PCTINCREASE 0 FREELISTS 1 FREELIST GROUPS 1
  BUFFER_POOL DEFAULT FLASH_CACHE DEFAULT CELL_FLASH_CACHE DEFAULT)
  TABLESPACE "USERS" ;
--------------------------------------------------------
--  DDL for Index REZERWACJA_FOTEL_PK
--------------------------------------------------------

  CREATE UNIQUE INDEX "REZERWACJA_FOTEL_PK" ON "REZERWACJA_FOTEL" ("FOTEL_ID", "REZERWACJA_ID") 
  PCTFREE 10 INITRANS 2 MAXTRANS 255 COMPUTE STATISTICS 
  STORAGE(INITIAL 65536 NEXT 1048576 MINEXTENTS 1 MAXEXTENTS 2147483645
  PCTINCREASE 0 FREELISTS 1 FREELIST GROUPS 1
  BUFFER_POOL DEFAULT FLASH_CACHE DEFAULT CELL_FLASH_CACHE DEFAULT)
  TABLESPACE "USERS" ;
--------------------------------------------------------
--  DDL for Index REZERWACJA_TRANSAKCJA_PK
--------------------------------------------------------

  CREATE UNIQUE INDEX "REZERWACJA_TRANSAKCJA_PK" ON "REZERWACJA_TRANSAKCJA" ("TRANSAKCJA_ID") 
  PCTFREE 10 INITRANS 2 MAXTRANS 255 COMPUTE STATISTICS 
  STORAGE(INITIAL 65536 NEXT 1048576 MINEXTENTS 1 MAXEXTENTS 2147483645
  PCTINCREASE 0 FREELISTS 1 FREELIST GROUPS 1
  BUFFER_POOL DEFAULT FLASH_CACHE DEFAULT CELL_FLASH_CACHE DEFAULT)
  TABLESPACE "USERS" ;
--------------------------------------------------------
--  DDL for Index SALA_PK
--------------------------------------------------------

  CREATE UNIQUE INDEX "SALA_PK" ON "SALA" ("SALA_ID") 
  PCTFREE 10 INITRANS 2 MAXTRANS 255 COMPUTE STATISTICS 
  STORAGE(INITIAL 65536 NEXT 1048576 MINEXTENTS 1 MAXEXTENTS 2147483645
  PCTINCREASE 0 FREELISTS 1 FREELIST GROUPS 1
  BUFFER_POOL DEFAULT FLASH_CACHE DEFAULT CELL_FLASH_CACHE DEFAULT)
  TABLESPACE "USERS" ;
--------------------------------------------------------
--  DDL for Index SEANS_PK
--------------------------------------------------------

  CREATE UNIQUE INDEX "SEANS_PK" ON "SEANS" ("SEANS_ID") 
  PCTFREE 10 INITRANS 2 MAXTRANS 255 COMPUTE STATISTICS 
  STORAGE(INITIAL 65536 NEXT 1048576 MINEXTENTS 1 MAXEXTENTS 2147483645
  PCTINCREASE 0 FREELISTS 1 FREELIST GROUPS 1
  BUFFER_POOL DEFAULT FLASH_CACHE DEFAULT CELL_FLASH_CACHE DEFAULT)
  TABLESPACE "USERS" ;
--------------------------------------------------------
--  DDL for Function LOGMNR$COL_GG_TABF_PUBLIC
--------------------------------------------------------

  CREATE OR REPLACE NONEDITIONABLE FUNCTION "LOGMNR$COL_GG_TABF_PUBLIC" wrapped
a000000
1
abcd
abcd
abcd
abcd
abcd
abcd
abcd
abcd
abcd
abcd
abcd
abcd
abcd
abcd
abcd
8
237 185
nkvJV1w6wH1y7mRApzf9mGuebNUwgxDILkhGfHQCmP8+Vi4fyqh3SG1Fyq+pCts1OlgnK761
YuzKBA4JE5DNwZzBIF/Y4ZM5eUlquVyTkOg+AodK3vQJt9NLvPITXbP42O37gO+zKr4BQEJk
ypwrP1U/Pf6MLZONN8LUaVqHCN87T14HqHs5taX7LhLXQ2lCVBE1Ll8dyB9CDOlbyvQS/lrb
+0n1pQi9IJAWySL85ChAqnTaqFJm0YeToD4lZ8UUPQqIZNoX0x73WK9OzsmdBrvEC97iduxe
PEXVkxF6xklPod6yOGBvW7DAFMBgf+LajDLVKOAwB2EAiKCXYMuTUTtMYYkCFFf4sj1rCpsj
TLth6TSru530aM2HP6bEbm3m

/
--------------------------------------------------------
--  DDL for Function LOGMNR$GSBA_GG_TABF_PUBLIC
--------------------------------------------------------

  CREATE OR REPLACE NONEDITIONABLE FUNCTION "LOGMNR$GSBA_GG_TABF_PUBLIC" wrapped
a000000
1
abcd
abcd
abcd
abcd
abcd
abcd
abcd
abcd
abcd
abcd
abcd
abcd
abcd
abcd
abcd
8
206 171
6gxi/CQwK1I5Rfwuw/SXrOGpVRYwgwLI1yfbfHRGEjNe54OE4QwRZCoA20oG536tzgcBrj+1
xE3tE8jIhAoTlUdUmkdYMmZycO1SdiJZwwt/6BrM1wHXl/E5+3Ip2NXzC9j8v4+KjkD9d5AT
p05eEsEWjU1CBTMSpjZZrXzbgFl9QNnQ+zJGjSug21f76ajs78m6anxz7vFcTcem6XpAgKjc
EXzd/ijP8qiOqwblTfnXcRslJn3MljD02u+5fh9NBctOmnaw/tOjRCFPUhY8I9gCoMptjG7U
rHEIFzHOFyxBEdulRGq4ngSgcm7l2yOdSHgNM8rO2vUH4gozvJoLE1S8GBBzG/wrvHPhACQ/
2w==

/
--------------------------------------------------------
--  DDL for Function LOGMNR$KEY_GG_TABF_PUBLIC
--------------------------------------------------------

  CREATE OR REPLACE NONEDITIONABLE FUNCTION "LOGMNR$KEY_GG_TABF_PUBLIC" wrapped
a000000
1
abcd
abcd
abcd
abcd
abcd
abcd
abcd
abcd
abcd
abcd
abcd
abcd
abcd
abcd
abcd
8
2a0 1a1
3O4I5hDO715d8A2tqbxMCflFW0owg/D319xqfC9Grfg+K6yE71zMvtNS45AyRXBk77WpI5v4
nUSfE2lbvUYgk3JHySIe28XxC3xIYYpPGQjxwa3GzPw0FN5aN6kerQQTHUBp29Dd+vLSgBaC
2pAFrq059ZvN0ZPN11XG/2RuDY7HaTQu/QffhnY8rVlNxpFmbkVidwtZQahx5qIFu9Uww/tv
o1AvhjaORi898/KiPtOqv7LpsPFbyNuMnZEG48cxtZuesMBJFP/bKtgU2DN69xiT8Pxf+N2n
g0D2ximYzZqwY/4dBQj9dyQDuXRFo40hdqtWw0L96zV6723aQ8Xp0cqBaZj2wWTI4+6Ikry9
zY0Mdm3bV8TYqsOa+zT4fnikGO0eYbTFHEiW9QUbl/UwzuERwk8p

/
--------------------------------------------------------
--  DDL for Function LOGMNR$SEQ_GG_TABF_PUBLIC
--------------------------------------------------------

  CREATE OR REPLACE NONEDITIONABLE FUNCTION "LOGMNR$SEQ_GG_TABF_PUBLIC" wrapped
a000000
1
abcd
abcd
abcd
abcd
abcd
abcd
abcd
abcd
abcd
abcd
abcd
abcd
abcd
abcd
abcd
8
249 181
++dDv/cHZatK7/vHG9lvR8DQCpYwg/D3AEhqfHQC2h6ONoOvOeHvTNX1S5GDyajM4j8vkSVz
IMw+LbYS3goujprvmrB/LUpdBF8TVvjEqZpC7MCKPXWcGnTeL7ja8C2tcOdjOpRXkwL5NmPJ
B0KqMvwepdiQDY7HUDQrBddQC1lBqHGEogWkwRJ3+2+jUC+Gpo5GTazIWS0V551NkSl3+h0W
BhkPglLbvQDPzxWTnmu4ZuJIlTiNwTf1R0WxghyyKFjES9CJsCrGT8Fn7prlF4Mr5kx1YBGf
5xaODtRnmVJgb65RlKbAN9+Xxf2QnQjKQL99RZAgsEwGVKNfx9lFKwHLGUwzjOxmIAXXYd/Z
+L9osPQJjZYkNrD0pQ==

/
--------------------------------------------------------
--  DDL for Function LOGMNR$TAB_GG_TABF_PUBLIC
--------------------------------------------------------

  CREATE OR REPLACE NONEDITIONABLE FUNCTION "LOGMNR$TAB_GG_TABF_PUBLIC" wrapped
a000000
1
abcd
abcd
abcd
abcd
abcd
abcd
abcd
abcd
abcd
abcd
abcd
abcd
abcd
abcd
abcd
8
22e 181
PRVt0FiLRPgjIhZlCZcQhnOHXQ4wgzJp2UhGfHSKrQ843hKm3gKD9swoFAS4jVcW0CsSl7W1
6banVWdjktOVM18XyRjY4ZM5eRdquSp0ZdfHl3KJPBYqPi9LXIwum30Qh7ymgO+zTKj+R1N2
nSs/TPnknfYLwcUdAfBryDQGEIMisMuE9XT5ix3sudhHa5tLJRjsBIDKlqL7zk2CH0C1NRAZ
XrP7WgavVdNS3Yikz88VupZG21hTuAGspJBgCagmNWIwi9pgCIWP3rxF4p+uMps/ABEg+MBP
6Iykm62kO6hWhVHJXkfKF/jrQFjYBTTzatr1VTcOXt/AFuagDR7isNtb//lnXh8TXyAFWyCT
ubv6GXL0aM0PP/t+DfSl

/
--------------------------------------------------------
--  DDL for Function LOGMNR$USER_GG_TABF_PUBLIC
--------------------------------------------------------

  CREATE OR REPLACE NONEDITIONABLE FUNCTION "LOGMNR$USER_GG_TABF_PUBLIC" wrapped
a000000
1
abcd
abcd
abcd
abcd
abcd
abcd
abcd
abcd
abcd
abcd
abcd
abcd
abcd
abcd
abcd
8
272 191
Vc+i+Mga8m7/BSlvXl0J+GmParYwg/D319wCfC8CTE6Ot30G8QRR0WzR8ohw8Z/y6DuL4pL5
IDjZApnCaZgeKa1OTjLj2B2tOYZg2ZuOAPKrxo7DeBqtn0Ahw0tubS36jP4xc+d2eQebdJMD
c/U0JxdiAl0qIPzsltBjeoGAEsxUk0aubCMJmysgc2d8ojil6ixQ37D7RA0HWMkh27QdOuXF
vSwuufDunMMT8Hue9dvy4vRXj+PhuyylJSukStsxyIb234EahCXyrjDlnzbC91eoU7v5sb4D
OvtDmggQCEViyhFXwspP9P0dOObin8JENsDJeFZYr/oVAgSHa97LRKvNZgd+f//XHlpEAOP4
rNm5mF0wTCABbb7tc5c7uo09M+79i7en8g==

/
--------------------------------------------------------
--  DDL for Synonymn ALL_USERS
--------------------------------------------------------

  CREATE OR REPLACE NONEDITIONABLE PUBLIC SYNONYM "ALL_USERS" FOR "ALL_USERS";
--------------------------------------------------------
--  DDL for Synonymn PLITBLM
--------------------------------------------------------

  CREATE OR REPLACE NONEDITIONABLE PUBLIC SYNONYM "PLITBLM" FOR "PLITBLM";
--------------------------------------------------------
--  DDL for Synonymn CATALOG
--------------------------------------------------------

  CREATE OR REPLACE NONEDITIONABLE SYNONYM "CATALOG" FOR "CATALOG";
--------------------------------------------------------
--  DDL for Synonymn COL
--------------------------------------------------------

  CREATE OR REPLACE NONEDITIONABLE SYNONYM "COL" FOR "COL";
--------------------------------------------------------
--  DDL for Synonymn PRODUCT_USER_PROFILE
--------------------------------------------------------

  CREATE OR REPLACE NONEDITIONABLE SYNONYM "PRODUCT_USER_PROFILE" FOR "SQLPLUS_PRODUCT_PROFILE";
--------------------------------------------------------
--  DDL for Synonymn PUBLICSYN
--------------------------------------------------------

  CREATE OR REPLACE NONEDITIONABLE SYNONYM "PUBLICSYN" FOR "PUBLICSYN";
--------------------------------------------------------
--  DDL for Synonymn SYSCATALOG
--------------------------------------------------------

  CREATE OR REPLACE NONEDITIONABLE SYNONYM "SYSCATALOG" FOR "SYSCATALOG";
--------------------------------------------------------
--  DDL for Synonymn SYSFILES
--------------------------------------------------------

  CREATE OR REPLACE NONEDITIONABLE SYNONYM "SYSFILES" FOR "SYSFILES";
--------------------------------------------------------
--  DDL for Synonymn TAB
--------------------------------------------------------

  CREATE OR REPLACE NONEDITIONABLE SYNONYM "TAB" FOR "TAB";
--------------------------------------------------------
--  DDL for Synonymn TABQUOTAS
--------------------------------------------------------

  CREATE OR REPLACE NONEDITIONABLE SYNONYM "TABQUOTAS" FOR "TABQUOTAS";
--------------------------------------------------------
--  Constraints for Table FILM
--------------------------------------------------------

  ALTER TABLE "FILM" MODIFY ("DATA_WYDANIA" NOT NULL ENABLE);
  ALTER TABLE "FILM" MODIFY ("WIEK" NOT NULL ENABLE);
  ALTER TABLE "FILM" MODIFY ("CZY_ORIGINAL" NOT NULL ENABLE);
  ALTER TABLE "FILM" MODIFY ("CZY_DUBBING" NOT NULL ENABLE);
  ALTER TABLE "FILM" MODIFY ("CZY_NAPISY" NOT NULL ENABLE);
  ALTER TABLE "FILM" MODIFY ("CZY_3D" NOT NULL ENABLE);
  ALTER TABLE "FILM" MODIFY ("CZAS_TRWANIA" NOT NULL ENABLE);
  ALTER TABLE "FILM" MODIFY ("OPIS" NOT NULL ENABLE);
  ALTER TABLE "FILM" MODIFY ("FILM_ID" NOT NULL ENABLE);
  ALTER TABLE "FILM" ADD CONSTRAINT "FILM_PK" PRIMARY KEY ("FILM_ID")
  USING INDEX "FILM_PK"  ENABLE;
--------------------------------------------------------
--  Constraints for Table FILM_SEANS
--------------------------------------------------------

  ALTER TABLE "FILM_SEANS" MODIFY ("SEANS_ID" NOT NULL ENABLE);
  ALTER TABLE "FILM_SEANS" MODIFY ("FILM_ID" NOT NULL ENABLE);
  ALTER TABLE "FILM_SEANS" ADD CONSTRAINT "FILM_SEANS_PK" PRIMARY KEY ("FILM_ID", "SEANS_ID")
  USING INDEX "FILM_SEANS_PK"  ENABLE;
--------------------------------------------------------
--  Constraints for Table FOTEL
--------------------------------------------------------

  ALTER TABLE "FOTEL" MODIFY ("SALA_ID" NOT NULL ENABLE);
  ALTER TABLE "FOTEL" MODIFY ("NUMER" NOT NULL ENABLE);
  ALTER TABLE "FOTEL" MODIFY ("RZAD" NOT NULL ENABLE);
  ALTER TABLE "FOTEL" MODIFY ("FOTEL_ID" NOT NULL ENABLE);
  ALTER TABLE "FOTEL" ADD CONSTRAINT "FOTEL_PK" PRIMARY KEY ("FOTEL_ID")
  USING INDEX "FOTEL_PK"  ENABLE;
--------------------------------------------------------
--  Constraints for Table KINO
--------------------------------------------------------

  ALTER TABLE "KINO" MODIFY ("ADRES" NOT NULL ENABLE);
  ALTER TABLE "KINO" MODIFY ("OPIS" NOT NULL ENABLE);
  ALTER TABLE "KINO" MODIFY ("KINO_ID" NOT NULL ENABLE);
  ALTER TABLE "KINO" ADD CONSTRAINT "KINO_PK" PRIMARY KEY ("KINO_ID")
  USING INDEX "KINO_PK"  ENABLE;
--------------------------------------------------------
--  Constraints for Table KLIENT
--------------------------------------------------------

  ALTER TABLE "KLIENT" MODIFY ("ADRES" NOT NULL ENABLE);
  ALTER TABLE "KLIENT" MODIFY ("HASLO" NOT NULL ENABLE);
  ALTER TABLE "KLIENT" MODIFY ("NR_TELEFONU" NOT NULL ENABLE);
  ALTER TABLE "KLIENT" MODIFY ("EMAIL" NOT NULL ENABLE);
  ALTER TABLE "KLIENT" MODIFY ("LOGIN" NOT NULL ENABLE);
  ALTER TABLE "KLIENT" MODIFY ("NAZWISKO" NOT NULL ENABLE);
  ALTER TABLE "KLIENT" MODIFY ("IMIE" NOT NULL ENABLE);
  ALTER TABLE "KLIENT" MODIFY ("KLIENT_ID" NOT NULL ENABLE);
  ALTER TABLE "KLIENT" ADD CONSTRAINT "KLIENT_PK" PRIMARY KEY ("KLIENT_ID")
  USING INDEX "KLIENT_PK"  ENABLE;
--------------------------------------------------------
--  Constraints for Table KONTRAHENT
--------------------------------------------------------

  ALTER TABLE "KONTRAHENT" MODIFY ("ADRES" NOT NULL ENABLE);
  ALTER TABLE "KONTRAHENT" MODIFY ("MIASTO" NOT NULL ENABLE);
  ALTER TABLE "KONTRAHENT" MODIFY ("NAZWA_FIRMY" NOT NULL ENABLE);
  ALTER TABLE "KONTRAHENT" MODIFY ("KONTRAHENT_ID" NOT NULL ENABLE);
  ALTER TABLE "KONTRAHENT" ADD CONSTRAINT "KONTRAHENT_PK" PRIMARY KEY ("KONTRAHENT_ID")
  USING INDEX "KONTRAHENT_PK"  ENABLE;
--------------------------------------------------------
--  Constraints for Table MAGAZYN
--------------------------------------------------------

  ALTER TABLE "MAGAZYN" MODIFY ("KINO_ID" NOT NULL ENABLE);
  ALTER TABLE "MAGAZYN" MODIFY ("MIASTO" NOT NULL ENABLE);
  ALTER TABLE "MAGAZYN" MODIFY ("ADRES" NOT NULL ENABLE);
  ALTER TABLE "MAGAZYN" MODIFY ("OPIS" NOT NULL ENABLE);
  ALTER TABLE "MAGAZYN" MODIFY ("MAGAZYN_ID" NOT NULL ENABLE);
  ALTER TABLE "MAGAZYN" ADD CONSTRAINT "MAGAZYN_PK" PRIMARY KEY ("MAGAZYN_ID")
  USING INDEX "MAGAZYN_PK"  ENABLE;
--------------------------------------------------------
--  Constraints for Table PRACOWNIK
--------------------------------------------------------

  ALTER TABLE "PRACOWNIK" MODIFY ("KINO_ID" NOT NULL ENABLE);
  ALTER TABLE "PRACOWNIK" MODIFY ("CZY_KIEROWNIK" NOT NULL ENABLE);
  ALTER TABLE "PRACOWNIK" MODIFY ("RODZAJ_UMOWY" NOT NULL ENABLE);
  ALTER TABLE "PRACOWNIK" MODIFY ("HASLO" NOT NULL ENABLE);
  ALTER TABLE "PRACOWNIK" MODIFY ("NR_TELEFONU" NOT NULL ENABLE);
  ALTER TABLE "PRACOWNIK" MODIFY ("EMAIL" NOT NULL ENABLE);
  ALTER TABLE "PRACOWNIK" MODIFY ("LOGIN" NOT NULL ENABLE);
  ALTER TABLE "PRACOWNIK" MODIFY ("NAZWISKO" NOT NULL ENABLE);
  ALTER TABLE "PRACOWNIK" MODIFY ("IMIE" NOT NULL ENABLE);
  ALTER TABLE "PRACOWNIK" MODIFY ("PRACOWNIK_ID" NOT NULL ENABLE);
  ALTER TABLE "PRACOWNIK" ADD CONSTRAINT "PRACOWNIK_PK" PRIMARY KEY ("PRACOWNIK_ID")
  USING INDEX "PRACOWNIK_PK"  ENABLE;
--------------------------------------------------------
--  Constraints for Table PRZEDMIOT
--------------------------------------------------------

  ALTER TABLE "PRZEDMIOT" MODIFY ("PRODUCENT" NOT NULL ENABLE);
  ALTER TABLE "PRZEDMIOT" MODIFY ("CZY_NA_WYNOS" NOT NULL ENABLE);
  ALTER TABLE "PRZEDMIOT" MODIFY ("CENA" NOT NULL ENABLE);
  ALTER TABLE "PRZEDMIOT" MODIFY ("KATEGORIA" NOT NULL ENABLE);
  ALTER TABLE "PRZEDMIOT" MODIFY ("NAZWA" NOT NULL ENABLE);
  ALTER TABLE "PRZEDMIOT" MODIFY ("PRZEDMIOT_ID" NOT NULL ENABLE);
  ALTER TABLE "PRZEDMIOT" ADD CONSTRAINT "PRZEDMIOT_PK" PRIMARY KEY ("PRZEDMIOT_ID")
  USING INDEX "PRZEDMIOT_PK"  ENABLE;
--------------------------------------------------------
--  Constraints for Table PRZEDMIOT_MAGAZYN
--------------------------------------------------------

  ALTER TABLE "PRZEDMIOT_MAGAZYN" MODIFY ("PRZEDMIOT_ID" NOT NULL ENABLE);
  ALTER TABLE "PRZEDMIOT_MAGAZYN" MODIFY ("MAGAZYN_ID" NOT NULL ENABLE);
  ALTER TABLE "PRZEDMIOT_MAGAZYN" MODIFY ("ILOSC" NOT NULL ENABLE);
  ALTER TABLE "PRZEDMIOT_MAGAZYN" ADD CONSTRAINT "PRZEDMIOT_MAGAZYN_PK" PRIMARY KEY ("MAGAZYN_ID", "PRZEDMIOT_ID")
  USING INDEX "PRZEDMIOT_MAGAZYN_PK"  ENABLE;
--------------------------------------------------------
--  Constraints for Table PRZEDMIOT_PRZEDMIOT_TRANSAKCJA
--------------------------------------------------------

  ALTER TABLE "PRZEDMIOT_PRZEDMIOT_TRANSAKCJA" MODIFY ("PRZEDMIOT_TRANSAKCJA_ID" NOT NULL ENABLE);
  ALTER TABLE "PRZEDMIOT_PRZEDMIOT_TRANSAKCJA" MODIFY ("PRZEDMIOT_ID" NOT NULL ENABLE);
  ALTER TABLE "PRZEDMIOT_PRZEDMIOT_TRANSAKCJA" ADD CONSTRAINT "PRZ_PRZ_TRA_PK" PRIMARY KEY ("PRZEDMIOT_ID", "PRZEDMIOT_TRANSAKCJA_ID")
  USING INDEX "PRZ_PRZ_TRA_PK"  ENABLE;
--------------------------------------------------------
--  Constraints for Table PRZEDMIOT_TRANSAKCJA
--------------------------------------------------------

  ALTER TABLE "PRZEDMIOT_TRANSAKCJA" MODIFY ("PRACOWNIK_ID" NOT NULL ENABLE);
  ALTER TABLE "PRZEDMIOT_TRANSAKCJA" MODIFY ("CZY_FAKTURA" NOT NULL ENABLE);
  ALTER TABLE "PRZEDMIOT_TRANSAKCJA" MODIFY ("CENA" NOT NULL ENABLE);
  ALTER TABLE "PRZEDMIOT_TRANSAKCJA" MODIFY ("CZY_GOTOWKA" NOT NULL ENABLE);
  ALTER TABLE "PRZEDMIOT_TRANSAKCJA" MODIFY ("CZY_KARTA" NOT NULL ENABLE);
  ALTER TABLE "PRZEDMIOT_TRANSAKCJA" MODIFY ("PRZEDMIOT_TRANSAKCJA_ID" NOT NULL ENABLE);
  ALTER TABLE "PRZEDMIOT_TRANSAKCJA" ADD CONSTRAINT "PRZEDMIOT_TRANSAKCJA_PK" PRIMARY KEY ("PRZEDMIOT_TRANSAKCJA_ID")
  USING INDEX "PRZEDMIOT_TRANSAKCJA_PK"  ENABLE;
--------------------------------------------------------
--  Constraints for Table REZERWACJA
--------------------------------------------------------

  ALTER TABLE "REZERWACJA" MODIFY ("CZY_OPLACONA" NOT NULL ENABLE);
  ALTER TABLE "REZERWACJA" MODIFY ("DATA_REZERWACJI" NOT NULL ENABLE);
  ALTER TABLE "REZERWACJA" MODIFY ("NAZWA" NOT NULL ENABLE);
  ALTER TABLE "REZERWACJA" MODIFY ("REZERWACJA_ID" NOT NULL ENABLE);
  ALTER TABLE "REZERWACJA" ADD CONSTRAINT "REZERWACJA_PK" PRIMARY KEY ("REZERWACJA_ID")
  USING INDEX "REZERWACJA_PK"  ENABLE;
  ALTER TABLE "REZERWACJA" MODIFY ("SEANS_ID" NOT NULL ENABLE);
--------------------------------------------------------
--  Constraints for Table REZERWACJA_FOTEL
--------------------------------------------------------

  ALTER TABLE "REZERWACJA_FOTEL" MODIFY ("REZERWACJA_ID" NOT NULL ENABLE);
  ALTER TABLE "REZERWACJA_FOTEL" MODIFY ("FOTEL_ID" NOT NULL ENABLE);
  ALTER TABLE "REZERWACJA_FOTEL" ADD CONSTRAINT "REZERWACJA_FOTEL_PK" PRIMARY KEY ("FOTEL_ID", "REZERWACJA_ID")
  USING INDEX "REZERWACJA_FOTEL_PK"  ENABLE;
--------------------------------------------------------
--  Constraints for Table REZERWACJA_TRANSAKCJA
--------------------------------------------------------

  ALTER TABLE "REZERWACJA_TRANSAKCJA" MODIFY ("PRACOWNIK_ID" NOT NULL ENABLE);
  ALTER TABLE "REZERWACJA_TRANSAKCJA" MODIFY ("KLIENT_ID" NOT NULL ENABLE);
  ALTER TABLE "REZERWACJA_TRANSAKCJA" MODIFY ("CENA" NOT NULL ENABLE);
  ALTER TABLE "REZERWACJA_TRANSAKCJA" MODIFY ("CZY_GOTOWKA" NOT NULL ENABLE);
  ALTER TABLE "REZERWACJA_TRANSAKCJA" MODIFY ("CZY_KARTA" NOT NULL ENABLE);
  ALTER TABLE "REZERWACJA_TRANSAKCJA" MODIFY ("TRANSAKCJA_ID" NOT NULL ENABLE);
  ALTER TABLE "REZERWACJA_TRANSAKCJA" ADD CONSTRAINT "REZERWACJA_TRANSAKCJA_PK" PRIMARY KEY ("TRANSAKCJA_ID")
  USING INDEX "REZERWACJA_TRANSAKCJA_PK"  ENABLE;
  ALTER TABLE "REZERWACJA_TRANSAKCJA" MODIFY ("REZERWACJA_ID" NOT NULL ENABLE);
--------------------------------------------------------
--  Constraints for Table SALA
--------------------------------------------------------

  ALTER TABLE "SALA" MODIFY ("KINO_KINO_ID" NOT NULL ENABLE);
  ALTER TABLE "SALA" MODIFY ("CZY_3D" NOT NULL ENABLE);
  ALTER TABLE "SALA" MODIFY ("MIEJSC_W_RZEDZIE" NOT NULL ENABLE);
  ALTER TABLE "SALA" MODIFY ("LICZBA_RZEDOW" NOT NULL ENABLE);
  ALTER TABLE "SALA" MODIFY ("LICZBA_MIEJSC" NOT NULL ENABLE);
  ALTER TABLE "SALA" MODIFY ("SALA_ID" NOT NULL ENABLE);
  ALTER TABLE "SALA" ADD CONSTRAINT "SALA_PK" PRIMARY KEY ("SALA_ID")
  USING INDEX "SALA_PK"  ENABLE;
--------------------------------------------------------
--  Constraints for Table SEANS
--------------------------------------------------------

  ALTER TABLE "SEANS" MODIFY ("SALA_ID" NOT NULL ENABLE);
  ALTER TABLE "SEANS" MODIFY ("GODZINA_ZAKONCZENIA" NOT NULL ENABLE);
  ALTER TABLE "SEANS" MODIFY ("GODZINA_ROZPOCZECIA" NOT NULL ENABLE);
  ALTER TABLE "SEANS" MODIFY ("SEANS_ID" NOT NULL ENABLE);
  ALTER TABLE "SEANS" ADD CONSTRAINT "SEANS_PK" PRIMARY KEY ("SEANS_ID")
  USING INDEX "SEANS_PK"  ENABLE;
--------------------------------------------------------
--  Ref Constraints for Table FILM_SEANS
--------------------------------------------------------

  ALTER TABLE "FILM_SEANS" ADD CONSTRAINT "FILM_SEANS_FILM_FK" FOREIGN KEY ("FILM_ID")
	  REFERENCES "FILM" ("FILM_ID") ON DELETE CASCADE ENABLE;
  ALTER TABLE "FILM_SEANS" ADD CONSTRAINT "FILM_SEANS_SEANS_FK" FOREIGN KEY ("SEANS_ID")
	  REFERENCES "SEANS" ("SEANS_ID") ON DELETE CASCADE ENABLE;
--------------------------------------------------------
--  Ref Constraints for Table FOTEL
--------------------------------------------------------

  ALTER TABLE "FOTEL" ADD CONSTRAINT "FOTEL_SALA_FK" FOREIGN KEY ("SALA_ID")
	  REFERENCES "SALA" ("SALA_ID") ON DELETE CASCADE ENABLE;
--------------------------------------------------------
--  Ref Constraints for Table MAGAZYN
--------------------------------------------------------

  ALTER TABLE "MAGAZYN" ADD CONSTRAINT "MAGAZYN_KINO_FK" FOREIGN KEY ("KINO_ID")
	  REFERENCES "KINO" ("KINO_ID") ENABLE;
--------------------------------------------------------
--  Ref Constraints for Table PRACOWNIK
--------------------------------------------------------

  ALTER TABLE "PRACOWNIK" ADD CONSTRAINT "PRACOWNIK_KINO_FK" FOREIGN KEY ("KINO_ID")
	  REFERENCES "KINO" ("KINO_ID") ENABLE;
--------------------------------------------------------
--  Ref Constraints for Table PRZEDMIOT_MAGAZYN
--------------------------------------------------------

  ALTER TABLE "PRZEDMIOT_MAGAZYN" ADD CONSTRAINT "PRZEDMIOT_MAGAZYN_MAGAZYN_FK" FOREIGN KEY ("MAGAZYN_ID")
	  REFERENCES "MAGAZYN" ("MAGAZYN_ID") ON DELETE CASCADE ENABLE;
  ALTER TABLE "PRZEDMIOT_MAGAZYN" ADD CONSTRAINT "PRZEDMIOT_MAGAZYN_PRZEDMIOT_FK" FOREIGN KEY ("PRZEDMIOT_ID")
	  REFERENCES "PRZEDMIOT" ("PRZEDMIOT_ID") ON DELETE CASCADE ENABLE;
--------------------------------------------------------
--  Ref Constraints for Table PRZEDMIOT_PRZEDMIOT_TRANSAKCJA
--------------------------------------------------------

  ALTER TABLE "PRZEDMIOT_PRZEDMIOT_TRANSAKCJA" ADD CONSTRAINT "PRZ_TRA_PRZ_FK" FOREIGN KEY ("PRZEDMIOT_ID")
	  REFERENCES "PRZEDMIOT" ("PRZEDMIOT_ID") ON DELETE CASCADE ENABLE;
  ALTER TABLE "PRZEDMIOT_PRZEDMIOT_TRANSAKCJA" ADD CONSTRAINT "PRZ_TRA_PRZ_TRA_FK" FOREIGN KEY ("PRZEDMIOT_TRANSAKCJA_ID")
	  REFERENCES "PRZEDMIOT_TRANSAKCJA" ("PRZEDMIOT_TRANSAKCJA_ID") ON DELETE CASCADE ENABLE;
--------------------------------------------------------
--  Ref Constraints for Table PRZEDMIOT_TRANSAKCJA
--------------------------------------------------------

  ALTER TABLE "PRZEDMIOT_TRANSAKCJA" ADD CONSTRAINT "PRZ_TRA_MAG_FK" FOREIGN KEY ("MAGAZYN_ID")
	  REFERENCES "MAGAZYN" ("MAGAZYN_ID") ENABLE;
  ALTER TABLE "PRZEDMIOT_TRANSAKCJA" ADD CONSTRAINT "PRZ_TRA_KON_FK" FOREIGN KEY ("KONTRAHENT_ID")
	  REFERENCES "KONTRAHENT" ("KONTRAHENT_ID") ENABLE;
  ALTER TABLE "PRZEDMIOT_TRANSAKCJA" ADD CONSTRAINT "PRZ_TRA_PRA_FK" FOREIGN KEY ("PRACOWNIK_ID")
	  REFERENCES "PRACOWNIK" ("PRACOWNIK_ID") ENABLE;
--------------------------------------------------------
--  Ref Constraints for Table REZERWACJA
--------------------------------------------------------

  ALTER TABLE "REZERWACJA" ADD CONSTRAINT "REZERWACJA_KLIENT_FK" FOREIGN KEY ("KLIENT_ID")
	  REFERENCES "KLIENT" ("KLIENT_ID") ENABLE;
  ALTER TABLE "REZERWACJA" ADD CONSTRAINT "REZERWACJA_SEANS_FK" FOREIGN KEY ("SEANS_ID")
	  REFERENCES "SEANS" ("SEANS_ID") ON DELETE CASCADE ENABLE;
--------------------------------------------------------
--  Ref Constraints for Table REZERWACJA_FOTEL
--------------------------------------------------------

  ALTER TABLE "REZERWACJA_FOTEL" ADD CONSTRAINT "REZERWACJA_FOTEL_FOTEL_FK" FOREIGN KEY ("FOTEL_ID")
	  REFERENCES "FOTEL" ("FOTEL_ID") ON DELETE CASCADE ENABLE;
  ALTER TABLE "REZERWACJA_FOTEL" ADD CONSTRAINT "REZERWACJA_FOTEL_REZERWACJA_FK" FOREIGN KEY ("REZERWACJA_ID")
	  REFERENCES "REZERWACJA" ("REZERWACJA_ID") ON DELETE CASCADE ENABLE;
--------------------------------------------------------
--  Ref Constraints for Table REZERWACJA_TRANSAKCJA
--------------------------------------------------------

  ALTER TABLE "REZERWACJA_TRANSAKCJA" ADD CONSTRAINT "TRANSAKCJA_REZERWACJA_FK" FOREIGN KEY ("REZERWACJA_ID")
	  REFERENCES "REZERWACJA" ("REZERWACJA_ID") ENABLE;
  ALTER TABLE "REZERWACJA_TRANSAKCJA" ADD CONSTRAINT "REZ_TRA_KLIENT_FK" FOREIGN KEY ("KLIENT_ID")
	  REFERENCES "KLIENT" ("KLIENT_ID") ON DELETE CASCADE ENABLE;
  ALTER TABLE "REZERWACJA_TRANSAKCJA" ADD CONSTRAINT "REZ_TRA_PRA_FK" FOREIGN KEY ("PRACOWNIK_ID")
	  REFERENCES "PRACOWNIK" ("PRACOWNIK_ID") ENABLE;
--------------------------------------------------------
--  Ref Constraints for Table SALA
--------------------------------------------------------

  ALTER TABLE "SALA" ADD CONSTRAINT "SALA_KINO_FK" FOREIGN KEY ("KINO_KINO_ID")
	  REFERENCES "KINO" ("KINO_ID") ON DELETE CASCADE ENABLE;
--------------------------------------------------------
--  Ref Constraints for Table SEANS
--------------------------------------------------------

  ALTER TABLE "SEANS" ADD CONSTRAINT "SEANS_SALA_FK" FOREIGN KEY ("SALA_ID")
	  REFERENCES "SALA" ("SALA_ID") ON DELETE CASCADE ENABLE;
